Urgent,High,Verified,Frequent,What is the type of property?,What is the size of the area needing artificial turf?,What preparation work(s) will be needed?,What kind of artificial turf do you need?,When would you like the work carried out?,How likely are you to make a hiring decision?,base_value,predicted_value,Credits,Lead Id
-0.0016205126671680165,0.22983364100002995,0.0024761016120673053,-0.0006560769608941569,0.1375596868157448,-0.0009989005374756873,0.0002235928646446542,-9.420451591970094e-05,0.02747328663127278,0.5582704925363674,6.050873246417119,7.003340353195789,7,48335423
0.013960367382717675,-0.15788982271168944,-0.0025674359210206225,0.0011831279452236896,-0.08420451877761347,-0.004347945113895745,3.758063387604091e-05,-4.866134455058624e-06,-0.027725638048950018,-0.7825302085790654,6.050873246417119,5.006783887092246,5,48335468
0.012421167648109946,-0.15805214402698056,0.009288919665327439,-0.0021273796953875765,-0.08433312566844756,-0.005693765071835413,-0.00014521208956375084,-0.0004027389457243997,-0.010782691357623326,-0.8034305047057303,6.050873246417119,5.007615772169263,5,48335684
-0.0010363084423015204,0.24366719817212973,-0.0009117979714953037,-0.0008049996540466527,0.13760504254583444,-0.0014975220604792022,0.00014707223022454417,-0.0005003832795565533,0.003789682262799338,0.5726833304857524,6.050873246417119,7.004014560705981,7,48335821
0.012808720165811175,-0.16317897220070077,-0.002073176768093743,0.0014098301307751734,-0.08499097914276595,-0.004749144172094081,-9.914989578726832e-05,-0.0003332603813589141,-0.0040803713013649245,-0.7963370038788194,6.050873246417119,5.009249738972722,5,48335997
-0.004147459980511378,-0.15423637142965346,-0.0025383030604949407,-0.001623406654226249,-0.08459494216281987,0.0021952704002993653,0.00010297362107822276,0.0003103199971928591,-0.027972061191167238,-0.7807405016621082,6.050873246417119,4.997628764294708,5,48336035
-0.002007789348440011,-0.17994434595395928,-0.0017935899474926919,-0.00030024126998438194,-0.06039768796378608,-0.002493717537623821,3.690337455305419e-05,-0.0003161189399020022,-0.0034582549515097868,0.20845740591352346,6.050873246417119,6.008655809792497,6,48336120
-0.004251117251806107,-0.1558872150913905,-0.002303330782162463,0.0010806808338433942,-0.0836121478206081,-0.0042528586316311675,7.074250057629593e-05,0.00017820301842792974,-0.027805239060055123,-0.7806714870114141,6.050873246417119,4.993419477120899,5,48338173
0.015760579910348977,-0.15163443340618568,0.0021594558530072324,0.0018943506081489632,-0.05931772461210716,0.008485363026313007,0.00023421537654096924,-0.0004171275452877114,-0.02557830112503066,-0.7599668414044309,6.050873246417119,5.082492783098434,5,48338427
-0.0030235203615817897,-0.16121058252162498,-0.0016148947889820168,0.0011605525512101117,-0.08235130003741314,-0.0044322957576122,-3.589672688444852e-06,-2.2787191578589327e-05,-0.00455884335574251,-0.7971959234761039,6.050873246417119,4.997620061805002,5,48339306
0.005594871828997512,0.2267345145893039,-0.00039925653699639447,0.0014527122130626809,0.13664464268689155,-0.0015311379192786893,-7.009188194105169e-05,-0.0010266172506800766,0.029898697372824898,0.5513696654082566,6.050873246417119,6.99954124692756,7,48339537
-0.0027620431345176935,-0.15973104531114643,-0.0014974742595128695,-0.0016233180820308549,-0.08226016639536364,-0.004400069641439968,-2.797700604829141e-05,-2.4351924592954544e-05,-0.004932200312830483,-0.7980287053412534,6.050873246417119,4.995585895008382,5,48339617
-0.0015277025878045296,0.24265849713903948,-0.0010145252662667004,0.00048067700609559787,0.137049867113227,-0.0016402759270830237,4.858132984285071e-06,-0.00043662577455121,0.003413695640185411,0.5724899375282048,6.050873246417119,7.00235164942115,7,48340240
-0.002212513669429476,0.2284167820110137,0.002451734108191794,0.0003596307535912053,0.13598322325425807,-0.0002651092816653521,3.167239900617223e-05,-0.0002747402771377385,0.02677573742641127,0.557079336362663,6.050873246417119,6.999218999504022,7,48340537
-0.002179338655154954,0.22842875048063951,0.0025111664544432873,0.0003878201402237709,0.13727377959273387,-0.0008319897826714716,0.00013944520497369408,-0.00011236130540503338,0.027427140116189734,0.5573100184712594,6.050873246417119,7.0012276771343505,7,48340799
-0.002693399252686677,-0.15938923321574963,-0.0015707244164844519,-0.0017187411997915648,-0.08321190075140693,-0.003564462558413847,-0.00013357252820002632,-0.00012362306175480673,-0.005585091346294864,-0.7967971835229463,6.050873246417119,4.9960853145633894,5,48340878
-0.0030235203615817897,-0.16121058252162498,-0.0016148947889820168,0.0011605525512101117,-0.08235130003741314,-0.0044322957576122,-3.589672688444852e-06,-2.2787191578589327e-05,-0.00455884335574251,-0.7971959234761039,6.050873246417119,4.997620061805002,5,48341496
-0.0016461897172817901,0.23536698697288136,0.0038937789091021157,0.0005746194510480999,0.13792881437465437,-0.0015945252104995172,-9.827691382822204e-05,-0.00046849958588984124,0.004902956609747215,0.5699278224062917,6.050873246417119,6.999660733713346,7,48342287
-0.0029962505908634578,-0.1777520134311874,-0.0014449516348051454,0.00013329281065910326,-0.061814460426420574,-0.005341209701259354,-4.425359986342292e-06,0.0017374665610535103,0.018076523916372524,0.16067373739509103,6.050873246417119,5.9821409559557726,6,48342492
-0.0053361387884653935,-0.16390639360858225,-0.001319395399940789,0.0012546640695728392,-0.08728732910926731,-0.0055975444444097775,1.3243819459735828e-05,-0.0004123491306320853,0.029251173718900406,-0.8059433604983263,6.050873246417119,5.011589817045428,5,48342624
-0.0022862010806610007,-0.21262303974566785,-0.0016205126355856663,0.0005707011279130693,-0.07616850369311791,-0.002048006372454943,-8.829771469176193e-05,-0.0002297053996473126,-0.002148198628532564,0.244713024576112,6.050873246417119,5.998944506850784,6,48342979
-0.001600026967262255,0.23583005844542346,0.004134205620979924,0.000505172369004373,0.138084418359687,-0.0011546783824011291,5.002605549782555e-05,-0.00041388237931055895,0.004212652904173704,0.5706024441219726,6.050873246417119,7.001123636564884,7,48343609
-0.002324695829793671,0.24371207426695846,-0.0002575933832459113,0.0003977631801349754,0.14364243937176585,-7.950700257042094e-05,6.025512927696784e-05,1.619762998403031e-05,-0.01929752275056805,0.5912562564164969,6.050873246417119,7.007998913445558,7,48343851
0.004798636915672349,0.23621939255342445,-0.0011400108071653807,0.0016338138956977358,0.13835089289172847,0.00011691191317282735,-0.0003788348169511128,-0.000486790650835695,0.00882437370561017,0.5646468863822368,6.050873246417119,7.003458518399708,7,48344132
-0.004174413921557067,-0.1542172980321959,-0.0021081273658093225,-0.0015563086609866586,-0.08202969458268075,-0.003378958757144123,7.720991828246695e-06,-0.0003130742116065582,-0.026902393681184834,-0.780457789586549,6.050873246417119,4.995742908609234,5,48344606
-0.0051683580485636345,-0.1616489077865928,0.007123142856502095,-0.001881437110492044,-0.08887989998334835,0.005059402571729902,-4.008360316043169e-05,-0.00035224665074715025,0.029642511344756737,-0.8097111151146692,6.050873246417119,5.025016254892534,5,48344641
-0.0021702177989318863,0.24418801900527473,-0.0009645724435898988,0.0005023985343645755,0.13829350065682203,-0.0008107919255366501,3.357011082458754e-05,-0.0005685903197158672,0.0047340067675024945,0.570774694184733,6.050873246417119,7.004885263188867,7,48344697
-0.0028087291563656754,-0.20085518230098814,-0.0014423946451224345,0.0003541849750893095,-0.0755973582874843,-0.0007073190507459914,-9.539803807672853e-05,0.0002964953172938728,-0.027327938624786045,0.257865289895966,6.050873246417119,6.000554896501899,6,48345818
-0.0015586723928022732,0.2422614880497094,-0.0009784280559841606,0.00048599085301864666,0.13728422491863151,-0.0014514616204871391,0.0001211365898922649,-0.0005127207649675044,0.004104405095962263,0.5719060314112059,6.050873246417119,7.002535240501298,7,48346392
-0.002143120503556963,-0.18040435836670923,-0.001893725044834692,0.0002567704788171334,-0.06053529489644271,-0.0024943117800788257,-8.808275965973415e-06,-0.001299094227285455,-0.0034205899492009474,0.2074291402333397,6.050873246417119,6.006359854085201,6,48346785
-0.0017934280745003106,0.2460316138909824,-0.0002275635893482431,-0.0006967870948435786,0.1444669373743006,0.0026312521740890996,-0.00014259165080964396,0.0022940796204504147,-0.018478546208125776,0.5925999537137149,6.050873246417119,7.017558166573029,7,48346910
-0.0015878919050038693,0.24221114067676888,-0.0009654585645554073,0.0004934412224801192,0.13727750254630589,-0.0017026772503688043,-0.00012062707056460979,-0.001049872090698785,0.004117422041748586,0.571979147601542,6.050873246417119,7.001525373624773,7,48347168
-0.0023277699394646475,0.24369129549438073,-0.00027821004624260364,0.00035747598183782215,0.14361413045303512,-0.00010838417791795489,-0.00017253452976036466,-1.478233864497527e-05,-0.019644090883646548,0.5911369790868175,6.050873246417119,7.007127355517513,7,48349660
-0.0030235203615817897,-0.16121058252162498,-0.0016148947889820168,0.0011605525512101117,-0.08235130003741314,-0.0044322957576122,-3.589672688444852e-06,-2.2787191578589327e-05,-0.00455884335574251,-0.7971959234761039,6.050873246417119,4.997620061805002,5,48349770
-0.002044793162318444,-0.18020278061218847,-0.0019043255127817245,0.0002460275923044709,-0.060713660766871076,-0.0017058764338573052,-7.593719675377162e-05,-0.0002667210679198314,-0.003424689741045488,0.2081896962909513,6.050873246417119,6.008970185806638,6,48349989
-0.0021856855473684827,0.23295538431079627,-0.00045048601446896124,0.0002831181276013362,0.13633747459315557,-0.0018528718566502916,-0.00014504385599809028,-0.000281534822657795,0.02845671158320367,0.5594912008877987,6.050873246417119,7.003481513822531,7,48350844
-0.001955679153276119,0.24561295963533367,-0.0004197327897384622,-0.0006903704082017116,0.14429546539878382,0.003082117610656051,-0.00016349666588891032,-3.0933109771189626e-05,-0.017521579300147628,0.5929120838908785,6.050873246417119,7.015994081525747,7,48351784
-0.002735432882015236,-0.21142059932826568,-0.0017510035962876717,0.0006578488602564444,-0.07648987531764798,-0.0020841187240416073,-1.0400993404191924e-05,-0.0002134702714183475,-0.00020746580967612985,0.23891263493445053,6.050873246417119,5.995531363289069,6,48353911
-0.003950376733182181,-0.16045954270439952,-0.0018104285270605443,0.001309711501306006,-0.08391055753459177,-0.003650941763565091,0.0002680169657585644,-0.0001675629160963839,-0.0003993489193681418,-0.7984413705857846,6.050873246417119,4.999660845200134,5,48355452
-0.002513756511927853,-0.21634876410696985,-0.0012734455620094223,-0.0008793343052482633,-0.07795030139733237,0.00204755066503706,0.0001303870181709009,0.0001329542797702015,0.022868532108059614,0.21925108831057788,6.050873246417119,5.996338156915247,6,48356097
0.00436277977986761,0.23732977259846486,-0.001059479064014824,0.0014740535682528,0.1371618999208235,-0.0009966914264497853,-0.00021652194310844866,-0.0012774843887118326,0.004940966231723787,0.5655251312516443,6.050873246417119,6.998117672945609,7,48356352
0.008435303223952171,-0.2134769604615828,-0.0017627385698589656,0.000707559120600854,-0.07791148197957942,-0.0011234962409395902,-1.516840171939084e-05,-0.0011523588653775212,-0.0030360134888784644,0.233361574261387,6.050873246417119,5.994899465015123,6,48357078
-0.002153585336244056,0.2441649788683155,-0.0009260703158187481,0.0004981164818914328,0.13675240886613008,0.002466229415639325,-4.838346559747809e-05,-0.00047421900353795374,0.005441778595504502,0.5665232725630804,6.050873246417119,7.003117773086481,7,48357489
-0.0026311372382033537,-0.2161527512563538,-0.0011210062476654141,-0.0006064383529112606,-0.07697873412194849,-0.00402754899831247,-1.2440104553031276e-05,3.823793475125607e-05,0.01988658836254603,0.22392271937028993,6.050873246417119,5.993190735764758,6,48357659
0.00579996706343204,0.22678337614867775,-0.0004395781162965151,0.0014504976297392929,0.13645113389329122,-0.001220448393877524,-4.265342185996851e-05,-0.00013764582885728073,0.03065081958214769,0.5512976611501806,6.050873246417119,7.001466376123696,7,48358515
-0.004151956310762787,-0.1555379167992083,-0.002308991259726497,0.001133815970034707,-0.08300076710822,-0.002018083908336069,7.280842197658014e-05,0.0002689484936098341,-0.026354566659336977,-0.779373602634744,6.050873246417119,4.999602934622405,5,48358920
-0.004055710857420255,-0.15438445798843764,-0.0021478008645909076,-0.0014795284393062653,-0.0832991868084132,-0.003799157560126001,0.00013458403342060828,0.00031313437919070836,-0.02787723183053014,-0.7813963784216592,6.050873246417119,4.992881512059245,5,48359722
-0.0010999194901645042,0.23683783751373172,0.0037637796645563206,-0.000925174956944224,0.13823775515391443,-0.00167864575451856,0.00013977187135107835,-0.0004390851276725169,0.004575198361465892,0.570787884887035,6.050873246417119,7.001072648539875,7,48360546
0.005804512375710071,0.22680160849074002,-0.00042307658754029635,0.0014375995688419689,0.13648603193016184,-0.0013470259061572122,8.760362138528618e-05,-0.0009965171378884165,0.03051101307420477,0.551326668016125,6.050873246417119,7.000561663862702,7,48361128
-0.0021612321878930487,-0.21418518117211996,0.0060751082270741755,-0.0009752286168678428,-0.07581545222415442,-0.0024175170000764567,-7.919856986656044e-05,-0.00017890228031229913,-0.002010321205847776,0.24079209830868448,6.050873246417119,5.999917419695739,6,48361867
-0.002693399252686677,-0.15938923321574963,-0.0015707244164844519,-0.0017187411997915648,-0.08321190075140693,-0.003564462558413847,-0.00013357252820002632,-0.00012362306175480673,-0.005585091346294864,-0.7967971835229463,6.050873246417119,4.9960853145633894,5,48362102
0.007649838002524794,-0.20869244231559958,-0.0016535581886900472,-0.0009877677506148783,-0.0766279979364192,-0.002158019625706477,0.00011154239183424598,-0.001295534781111764,-0.0024624904713946476,0.2364775852171409,6.050873246417119,6.001234400959082,6,48362750
0.007074082291557511,-0.1706193184409765,-0.0019433585123264296,0.00013753150669629688,-0.07553833977162525,-0.004365606790100604,-0.00019703887717535803,-0.0009253946821006828,-0.008132209796800145,0.17063239552088538,6.050873246417119,5.966995988865153,6,48363149
-0.0025008841425220663,-0.1823541568380779,0.00742732274320395,-0.0004827756928738279,-0.0606406202422925,-0.0033214056011614404,5.00029433471541e-05,-0.0003227605302735921,-0.004397529884005129,0.20420598100967396,6.050873246417119,6.008536420182137,6,48363363
-0.0024615453747691544,-0.1978649140537446,-0.0001295597399808389,-0.0012294765345185579,-0.07258919263976384,0.011623705872342007,0.0004135912035050701,0.0018555143727660914,-0.02831590774784086,0.24757774958669682,6.050873246417119,6.009753211361811,6,48363783
-0.0015277025878045296,0.24265849713903948,-0.0010145252662667004,0.00048067700609559787,0.137049867113227,-0.0016402759270830237,4.858132984285071e-06,-0.00043662577455121,0.003413695640185411,0.5724899375282048,6.050873246417119,7.00235164942115,7,48364203
-0.002391134154335081,-0.25956781646678057,-0.0020587612373552605,0.0007677435670997903,-0.020489197542975714,-0.004201194526422167,-0.00010924999936202159,-0.0006298962701159205,-0.0034828786801135653,0.2150100616832988,6.050873246417119,5.973720922790057,6,48364313
-0.002179338655154954,0.22842875048063951,0.0025111664544432873,0.0003878201402237709,0.13727377959273387,-0.0008319897826714716,0.00013944520497369408,-0.00011236130540503338,0.027427140116189734,0.5573100184712594,6.050873246417119,7.0012276771343505,7,48364874
-0.002115679354246936,-0.18044303262434336,-0.0018772616752032124,0.0002676936034667801,-0.06041009397636045,-0.0025196855156259593,0.00022774049112699838,-0.0003665238241440757,-0.003318622928826532,0.20718079161367917,6.050873246417119,6.007498572226641,6,48365004
-0.004121118658284347,-0.1589265994666292,-0.0014179339203057222,0.0015068381034077532,-0.07797508723808798,-0.007936312724387115,0.00016599248740562758,-0.00048534050175403953,-0.0051742672329796865,-0.7777405190803487,6.050873246417119,5.018768898185155,5,48365046
-0.0017116597130262302,0.24558724999205145,-0.001050245999855343,-0.0009542336291642957,0.13821754909353282,-0.0006988936527707635,-0.00010091614243597993,-0.0004570724515072599,0.004176800178241606,0.5716800636369109,6.050873246417119,7.005561887729096,7,48365863
-0.0022862010806610007,-0.21262303974566785,-0.0016205126355856663,0.0005707011279130693,-0.07616850369311791,-0.002048006372454943,-8.829771469176193e-05,-0.0002297053996473126,-0.002148198628532564,0.244713024576112,6.050873246417119,5.998944506850784,6,48366646
-0.003836908322320608,-0.15939129241621344,-0.0018053736885147115,-0.001694000100430862,-0.08360363465596764,-0.0033392914425277287,-5.675838003295232e-05,0.001136618662894686,-0.0023063728925532246,-0.7937809947027177,6.050873246417119,5.002195238478736,5,48366670
-0.0015879232626794385,0.23587097452692343,0.004319707107415257,0.0004970954900795866,0.136266357156659,0.0004426331817565371,-8.800545088817252e-05,-0.0004130104089222358,0.003911375080193425,0.566996285630391,6.050873246417119,6.997088735468047,7,48366724
0.005665475784621174,0.226789910051964,-0.0004572493001199602,0.0014608407308977786,0.13644958247269842,-0.001199942934757636,-0.00029239622841141716,-0.00016802008831110385,0.030667780306208568,0.5512343519197278,6.050873246417119,7.001023579131637,7,48366966
-0.002693399252686677,-0.15938923321574963,-0.0015707244164844519,-0.0017187411997915648,-0.08321190075140693,-0.003564462558413847,-0.00013357252820002632,-0.00012362306175480673,-0.005585091346294864,-0.7967971835229463,6.050873246417119,4.9960853145633894,5,48367095
-0.003660471558480109,-0.16203008008923203,-0.001475925895357068,0.0014887894919518702,-0.07848210757958309,-0.00850523447775225,-6.917097011836073e-05,-0.0002388879418599904,-0.012575832511720389,-0.7859544086343199,6.050873246417119,4.9993699162506475,5,48367185
-0.0016222834406652573,0.2354321273913114,0.0038985031115330157,0.0005671690815866274,0.1379343352956406,-0.001577782269951645,0.0001138362310187991,-0.0004526407379870619,0.004921550786886193,0.5699434661352236,6.050873246417119,7.000031528001716,7,48367291
0.005578704949388212,0.22690029459764335,-0.0005070279362257881,0.0015112932710610026,0.13630620440115973,-0.0007765427740570485,-4.4239671126701645e-06,-4.702217468848678e-05,0.030868033201810786,0.5513204966167867,6.050873246417119,7.002023256602885,7,48367553
-0.0016188160314004384,0.23433419409088874,-0.00036334456241299035,-0.00047681373393143134,0.13672109337564914,-0.002143610525637091,-7.888363732432002e-05,-0.00021766838554321098,0.02869424880809035,0.5602816120641199,6.050873246417119,7.006005257879618,7,48367753
-0.003990627776244584,-0.15415940406311465,-0.002197285601193808,-0.0016041776925893418,-0.0826920388703964,-0.0017520097706345752,-0.00011665614908369336,0.0004092009386973065,-0.02662565547592946,-0.7802216686033628,6.050873246417119,4.997922923353266,5,48370516
-0.004259990804114419,-0.15401374334637485,-0.002681371866313544,-0.0017748491559438967,-0.0854557990580385,0.013515751169271227,1.422791970185394e-05,7.50665793326497e-05,-0.028876941794388218,-0.7789107428969578,6.050873246417119,5.008504853163294,5,48373342
-0.0010999194901645042,0.23683783751373172,0.0037637796645563206,-0.000925174956944224,0.13823775515391443,-0.00167864575451856,0.00013977187135107835,-0.0004390851276725169,0.004575198361465892,0.570787884887035,6.050873246417119,7.001072648539875,7,48374945
-0.004345654488166103,-0.15306736287549255,0.011994565043083721,-0.0016939616057299405,-0.0817789612168004,-0.004613548807158453,9.803970592659416e-05,0.0002630759110033542,-0.02360343281900041,-0.7790198238178537,6.050873246417119,5.0151061814469315,5,48375085
-0.004268127937346536,-0.1530240531307104,0.012297436295350746,-0.0017067910824761325,-0.0820187452838849,-0.002113299449583979,0.00012239501546150309,0.0004063692068085698,-0.023011684036723965,-0.7788221276714582,6.050873246417119,5.018734618342554,5,48376745
-0.00335884127301274,-0.15937495304691487,0.009394735875392865,-0.0020774895688448185,-0.08564103430691089,0.00027286465988424305,-0.00012098974540901375,-0.00019956371174223163,-0.009400045985287694,-0.8008989529823318,6.050873246417119,4.999468976331942,5,48379448
-0.005367940597586238,-0.16173511120412842,0.006189991312009131,-0.001808673748058525,-0.08683800340608519,-0.008953390048705129,0.00011149948193436404,-0.0002903441563200354,0.02446628588897237,-0.8121748911606199,6.050873246417119,5.004472668778531,5,48380562
-0.004512442726025973,-0.15133793007801793,0.007383290905031595,0.0017856399022371996,-0.07729058331938155,-0.003114527683269317,-0.00012125321789852229,-0.0001982689963154208,-0.02677062925513921,-0.7604786656780991,6.050873246417119,5.036217876270241,5,48380741
-0.0016308259618979784,0.2296698622403115,0.0021794795767716736,-0.000654887768417826,0.13740964377227222,-0.0022883738400895017,-0.0001701268243103264,-0.00022109948436651504,0.027305520645640097,0.5581390255987162,6.050873246417119,7.000611464371749,7,48381728
-0.006024856610300091,-0.15872705776766505,0.007695226921623002,0.0010332118227228252,-0.08330247250607305,-0.004865177060888216,-7.302677680506242e-05,-0.0006956457389950628,-0.02472149880926397,-0.784365883764537,6.050873246417119,4.996826066126937,5,48383315
-0.0009331718730116262,0.2583208809104515,0.0002018653117799779,0.0006811108676282563,0.1002019177793502,-0.0012968020641474932,0.00010988587448886726,-0.000801768606714283,0.005290507741155075,0.5783675521391236,6.050873246417119,6.9910152244972235,7,48383479
-0.0010334934250065015,0.2436876146668905,-0.0008970624614028177,-0.0008049996540466527,0.1376024152975843,-0.0017393374165267203,0.00012575075622035407,-0.0015522354446306339,0.0038839121707775724,0.5729562943756665,6.050873246417119,7.003102105282645,7,48384638
-0.002121433526083443,-0.18040137108654014,-0.001892390884065153,0.0002567704788171334,-0.060499178147560666,-0.0024200180996476798,-5.857598970002879e-06,-0.00032612165145456327,-0.003269526328625775,0.20704197928159057,6.050873246417119,6.0072360988545785,6,48385301
0.003581635871168581,0.22472748674746953,0.002703529569224693,-0.0022567477611322912,0.1377003040443487,-0.00012917287160413144,0.00013099704772479758,5.3325387933614025e-06,0.029265315412582087,0.5496156717466972,6.050873246417119,6.996217598762392,7,48385410
-0.002934539723648579,-0.16087716158394957,-0.0016736198275525919,0.001227237344232265,-0.0833222695328438,-0.0034526011694294124,-0.00012325908696659722,-0.00011224704011329184,-0.005189151727954378,-0.795888815634886,6.050873246417119,4.998526818434008,5,48385415
0.0057758994190704105,0.22678337614867775,-0.000458080686280457,0.0014504976297392929,0.136463693000091,-0.0011951349360087777,-0.0002501441436693072,-0.00014534150043728366,0.03062629644573881,0.5512673409186211,6.050873246417119,7.001191648712662,7,48385536
-0.003041463356807555,-0.1595419401212357,0.008270056012090432,-0.0017825339318736757,-0.08268296678965545,-0.005377510026383365,-0.00010289372051696234,-5.662880536384252e-05,-0.006212489926869043,-0.8008320625845785,6.050873246417119,4.999512813165926,5,48386114
-0.0023365246849590122,-0.21497463034543318,0.006334526869081423,0.0006373943123029024,-0.07600423361415146,-0.0016610617676569989,-7.287207040490309e-05,-0.00016833229206719282,-0.0017552220630116828,0.24088736440469585,6.050873246417119,6.001759655165515,6,48386239
-0.0015586723928022732,0.2422614880497094,-0.0009784280559841606,0.00048599085301864666,0.13728422491863151,-0.0014514616204871391,0.0001211365898922649,-0.0005127207649675044,0.004104405095962263,0.5719060314112059,6.050873246417119,7.002535240501298,7,48387030
-0.004047853329682924,-0.15410431451040546,-0.0020676467805348783,-0.0014882227493001868,-0.08197048830542435,-0.0033497903864288816,0.00011893141096678783,0.0003280200769103677,-0.02678985545289506,-0.7804052681170117,6.050873246417119,4.997096758273312,5,48388160
-0.00258624400800813,-0.16963366558851586,-0.0018068901320002601,-6.054455554020412e-05,-0.05970259133617262,-0.003138460291828512,-0.0001746269329157951,9.326620396074312e-05,-0.02948292418982062,0.22039464619626625,6.050873246417119,6.004775211782544,6,48390422
-0.0038999685956430216,-0.1593969746888792,0.008577988233596592,-0.001828325751836405,-0.08312883051045646,-0.0051539787865394916,-4.036718679178566e-05,-3.834762572421484e-05,-0.002034273032959863,-0.7968614322790498,6.050873246417119,5.007068736192835,5,48390687
-0.0010472465645783094,0.2440642072614598,-0.0010017265994415804,-0.0007899340722150054,0.13735803872180838,-0.001677145651775377,1.8176430667555092e-05,-0.0004248929273218379,0.003176853195572652,0.5733578544689032,6.050873246417119,7.003907430680198,7,48393558
0.008094724192592734,-0.18094798715335367,-0.0019731809973868824,0.00022033773867777192,-0.061232400281590785,-0.0032975804682682476,1.5080516714397597e-06,-0.0003972776954844837,-0.00451735946298946,0.19626282870740175,6.050873246417119,6.003086859048389,6,48393679
-0.002476327515178059,-0.2085110004210775,-0.0020796128725041507,-0.0009185501508066921,-0.08649397902889448,-0.002955114405993627,-0.00011674898946537189,-0.0004626084607246989,-0.003692091588312336,0.2426853201204152,6.050873246417119,5.985852533104577,6,48393951
0.01434685142933772,-0.15786293575842653,-0.002457222370463312,0.001157455328327888,-0.08355173855842116,-0.00550930326883265,2.5968160126884106e-05,-3.0239930899674402e-05,-0.02750511722911337,-0.7823379513240079,6.050873246417119,5.0071490128947485,5,48393978
-0.001555856967839441,0.234482233406979,-0.0005257924773813764,-0.0007260633201941258,0.13648753812411488,-0.0014811255865604712,-0.00013246665800467275,-0.0001830779793288613,0.028834261897353858,0.5604059635060131,6.050873246417119,7.006478860362272,7,48395071
0.0035576553856424722,0.22460964633372194,0.0023362028804016144,-0.002314466110185907,0.1375655006456515,-0.0014117624494754486,9.388663738565736e-05,-8.335885105905808e-05,0.02916859717722881,0.5495251050126974,6.050873246417119,6.9939202530791285,7,48395119
-0.004366202432265752,-0.15315778845509806,0.011977782141664483,-0.0017383927093135268,-0.08178144519016355,-0.004621526590613401,-0.00011006313705588299,0.0002578256635683769,-0.023750463217562,-0.779072869627288,6.050873246417119,5.0145101028629915,5,48395656
-0.0015586723928022732,0.2422614880497094,-0.0009784280559841606,0.00048599085301864666,0.13728422491863151,-0.0014514616204871391,0.0001211365898922649,-0.0005127207649675044,0.004104405095962263,0.5719060314112059,6.050873246417119,7.002535240501298,7,48396021
-0.002424282827653491,-0.1793636263240701,-0.0017967349560938071,-0.00031828147712813617,-0.060775615087033864,-0.003267936786006607,-3.5317693966498443e-05,-0.00035807269637432596,-0.004735782702946696,0.20709381111149985,6.050873246417119,6.004891406977345,6,48396602
-0.002676215341514135,-0.18571998993963212,0.005629390228214172,-0.0004965193554045049,-0.06123923167763475,-0.004423096076519996,0.00021573796578721444,-0.00013037211519207158,0.017009227734719905,0.18476383197014093,6.050873246417119,6.003806009810083,6,48397304
-0.002934539723648579,-0.16087716158394957,-0.0016736198275525919,0.001227237344232265,-0.0833222695328438,-0.0034526011694294124,-0.00012325908696659722,-0.00011224704011329184,-0.005189151727954378,-0.795888815634886,6.050873246417119,4.998526818434008,5,48397784
-0.0009164494066206234,0.25022384220256194,0.0007992365390605603,-0.0006406659336139837,0.09669373019586319,-0.00199041199930453,0.00019740308776745858,-0.0008614992637846996,0.027601082075789374,0.5656880743508982,6.050873246417119,6.987667588265737,7,48397912
-0.0008583039956296913,0.25042937319764397,0.0006420429091808061,-0.0011516208277870732,0.09067053266621172,0.0010217619619106195,5.8270818117950666e-05,-0.0008044736091679734,0.0022144494664534976,0.5764656418656249,6.050873246417119,6.969560920869679,7,48397977
-0.0029658771955761603,-0.21755221933623928,-0.0012309288588748428,0.0004220328952765148,-0.07716360715147025,-0.0038388928270405415,4.341150838981976e-05,5.3831868057509405e-05,0.019833358427102474,0.22347320202888188,6.050873246417119,5.991947557775626,6,48398622
-0.0032554934476941746,-0.16136519637404736,-0.0016119415089333644,0.0012632983329756925,-0.08385125853909248,-0.004630475799273408,-2.2390375121234958e-05,-0.00011058664930028007,-0.0054365666553843105,-0.79881030053172,6.050873246417119,4.993042334869529,5,48399016
-0.0043551163206241306,-0.15039234366178134,0.007322606595132302,-0.0024220258412000852,-0.08042739101176448,-0.007871303791440406,4.749554463181411e-05,-0.0002508800867085331,-0.028558799502784775,-0.7606899388203081,6.050873246417119,5.023275549520271,5,48399292
-0.0009637352898634509,0.2442603816716125,-0.0009591797157362305,-0.0007891774844861364,0.13744240778532463,-0.0019679262681914327,-1.6206706795630382e-05,0.00011501120284705972,0.003429294120161611,0.5739527150676758,6.050873246417119,7.005376830799667,7,48400494
-0.0057403337540483665,-0.16152093987845947,0.003580091232325338,0.0013793496521013414,-0.08569867154173721,-0.010453271482038918,-4.342952164467277e-06,0.003347398848908686,0.026347133858062515,-0.7991944923186949,6.050873246417119,5.022915168081374,5,48400609
-0.0010363084423015204,0.24366719817212973,-0.0009117979714953037,-0.0008049996540466527,0.13760504254583444,-0.0014975220604792022,0.00014707223022454417,-0.0005003832795565533,0.003789682262799338,0.5726833304857524,6.050873246417119,7.004014560705981,7,48400970
-0.0030293135075595595,-0.16121897367934637,-0.0016166608076457496,0.001158818382125199,-0.08236797442402377,-0.004434436409043118,-5.2066727547190116e-05,-2.303540205261501e-05,-0.004557110703969711,-0.7972258002653251,6.050873246417119,4.997506692872732,5,48404443
-0.002587327372086242,-0.19935019765772183,-0.0012243683101792755,-0.0004019677592037594,-0.07508307470697825,-0.001638991016440467,-4.2856850750174265e-05,0.0002475753632110041,-0.027898584794301243,0.25920073541254823,6.050873246417119,6.002094188725217,6,48404453
0.0057145304687656415,0.23869477159302652,-0.0010256841363714124,0.0015546868819913706,0.13846980809254536,-0.0004920222722756805,-3.031159825552012e-05,-0.00047276424224185134,0.007094455311115683,0.5643135962235889,6.050873246417119,7.004694312739007,7,48405629
-0.002034152734135593,-0.21121086436875317,-0.0015096220105029277,-0.0008042054577024867,-0.076064855576015,-0.002071351238134817,-4.553674116870488e-05,-0.00022044235783213637,-0.0023276125938349033,0.2453092774700539,6.050873246417119,5.9998938808090925,6,48405792
-0.002755707368290117,-0.15972265415342504,-0.0014957082408491367,-0.0016259377842655102,-0.08224349200875301,-0.004387438916144682,1.614617749088586e-05,-2.4103714118928856e-05,-0.00496667143049696,-0.798015041593013,6.050873246417119,4.995652637385254,5,48406013
-0.0022857569841847093,0.23733417883500033,0.004210581542727798,0.0006000336770934895,0.13891754431693806,3.866004650263196e-05,-9.413716328408879e-05,-0.0004602139050960942,0.0054118130300042115,0.5691121536987096,6.050873246417119,7.003658103511531,7,48406254
-0.0030235203615817897,-0.16121058252162498,-0.0016148947889820168,0.0011605525512101117,-0.08235130003741314,-0.0044322957576122,-3.589672688444852e-06,-2.2787191578589327e-05,-0.00455884335574251,-0.7971959234761039,6.050873246417119,4.997620061805002,5,48406502
0.00864012092011738,-0.19818925209220356,-0.0015131102622606312,-0.0004085834097160285,-0.07658337213020228,-0.002286137633246672,0.00014952543757990885,0.00019446621996242633,-0.02898891015421959,0.2482419040025728,6.050873246417119,6.000129897315502,6,48406783
0.005767469751386236,0.23876128794110074,-0.0011101130595583735,0.001575688979053808,0.1380930359876815,-9.70345438182377e-05,4.955388718160301e-05,-0.0003785048399202858,0.00703168692765403,0.5643533242192421,6.050873246417119,7.0049196416671204,7,48406990
-0.0022857569841847093,0.23733417883500033,0.004210581542727798,0.0006000336770934895,0.13891754431693806,3.866004650263196e-05,-9.413716328408879e-05,-0.0004602139050960942,0.0054118130300042115,0.5691121536987096,6.050873246417119,7.003658103511531,7,48407073
-0.0021670239025276664,0.2331081650912365,-0.00046610497319465524,0.00027845252502322454,0.1352934242714718,-0.0003018145218403985,-3.668183332350556e-05,-0.00031508656162731167,0.02783554501630232,0.5594770397655048,6.050873246417119,7.003579161294144,7,48407154
-0.00396716100053294,-0.15403515969625545,-0.002207870703890692,-0.0015597465890057555,-0.08267164875728063,-0.0017244797478856097,0.00014160191918619497,0.0004039087898262676,-0.026367965403814014,-0.7800948221407303,6.050873246417119,4.998789903086735,5,48412794
-0.00421754772368963,-0.1557647267084558,-0.002223398100437522,0.0011231716338776722,-0.08232541723647667,-0.003845091898702095,8.13562332828818e-05,0.00019744009253884552,-0.02667961102239299,-0.779733749098735,6.050873246417119,4.9974856725879295,5,48413371
-0.002658692094527275,-0.2119655609317709,-0.0018040688043908632,0.0006414440754532535,-0.07692112624685836,-0.0021219295682753663,-0.00012876756025767934,-0.0001841564158418394,-0.0034160346279959453,0.24335763558151083,6.050873246417119,5.995671989824165,6,48413491
-0.0020557085171329145,0.2329892589916054,-0.0004434141573473972,0.00041725610881075497,0.1364534479889591,-0.0015302746563804878,-3.6366238605304904e-05,-0.0008064539705404274,0.028066516135133016,0.5597059661779527,6.050873246417119,7.003633474279573,7,48415166
-0.0021029508231238197,-0.1735705101010523,-0.0018108953615716807,-0.0005185320589530743,-0.0679244159827778,-0.003045901722163354,0.00018724400618452513,-0.000967524387009218,-0.008171849457380465,0.18180290522997306,6.050873246417119,5.974750815759244,6,48415322
-0.0042376729508043325,-0.15560707161335832,-0.0022231766981064337,0.001086386786991397,-0.08228344931761924,-0.0037936755240960047,5.508987812247552e-05,0.00019550233925938666,-0.026705307339063126,-0.7796742498344139,6.050873246417119,4.997685622144032,5,48415565
-0.0022028288056854073,-0.21199354959473193,-0.001667831021663774,0.0005851954505738919,-0.07643977761045812,-0.001578552914074988,6.817658031680688e-05,-0.0001564716296219845,-0.002006493312357153,0.2455361469251474,6.050873246417119,6.001017260484564,6,48416738
-0.00387680248271988,-0.16106840038344247,-0.001724163712523803,0.0011340948831498777,-0.08297015688184362,-0.004262276908763448,-7.560168970826363e-05,-4.124690954142005e-05,-0.0008639495001904874,-0.7935457224915714,6.050873246417119,5.003579020339965,5,48417087
-0.0021886569548970856,0.24419692020156028,-0.0009644889908331605,0.0005054234369427609,0.13826383027155134,-0.0010028364165792735,2.0308549263847234e-05,-0.0014373162494958833,0.004772583356771467,0.5707976043141699,6.050873246417119,7.0038366179355735,7,48418113
-0.0016089438777468763,0.23447946711148837,-0.00040376770501359424,-0.0005053907536249199,0.1356810633623446,-0.0006158981441733367,-0.00031440666015185336,-0.0002686576667017548,0.0280250794401863,0.5603363807059897,6.050873246417119,7.0056781722297155,7,48421119
0.002721125355546355,0.23258689467889576,0.004094702962945675,-0.0024290050045777285,0.13839996274097832,-0.0008439737508736052,4.4000250270335176e-05,-0.0003578383620105554,0.006028893610468193,0.5635462286647037,6.050873246417119,6.994664237563466,7,48421670
-0.0043551163206241306,-0.15039234366178134,0.007322606595132302,-0.0024220258412000852,-0.08042739101176448,-0.007871303791440406,4.749554463181411e-05,-0.0002508800867085331,-0.028558799502784775,-0.7606899388203081,6.050873246417119,5.023275549520271,5,48421685
-0.001071050438222686,0.2440088158115017,-0.0009886216449105263,-0.0008011888856568045,0.1373618832606303,-0.0016463472471065672,-9.482055671509373e-05,-0.00041340986682193985,0.00321944749414512,0.5733292206507324,6.050873246417119,7.003777174994695,7,48425315
0.008087872228257452,-0.2088389344186458,-0.0017697999411706439,-0.0010998239726410948,-0.07803002269531231,0.00208609137261721,-2.4435349100242392e-05,-0.00016980648219518463,-0.00222573600881434,0.23114347170939978,6.050873246417119,6.000032122859514,6,48425817
-0.002755707368290117,-0.15972265415342504,-0.0014957082408491367,-0.0016259377842655102,-0.08224349200875301,-0.004387438916144682,1.614617749088586e-05,-2.4103714118928856e-05,-0.00496667143049696,-0.798015041593013,6.050873246417119,4.995652637385254,5,48426216
-0.0028016178548887914,-0.19797798191284166,0.00020969187510490246,0.00047884789516256546,-0.07600512670975462,-0.0016163218388336477,-0.00018914372931918945,-9.213222677435813e-05,-0.02494645612403498,0.2546390302970673,6.050873246417119,6.002572036088006,6,48426275
0.005740477802062326,0.22682720265284836,-0.0004378120976327824,0.0014375995688419689,0.13645441302279857,-0.0012039062442114547,0.00010268099096253547,-0.0001477752724303069,0.030710981312298095,0.5513239598987659,6.050873246417119,7.001681068051422,7,48427718
0.007816548229098884,-0.20727250856709437,-0.0016808057999270621,-0.0010695122591792906,-0.07755513152390231,-0.0009887575481119417,0.0002429496484176109,-0.00022948431676919867,-0.0007605828386804763,0.23076952944862641,6.050873246417119,6.000145490889596,6,48427801
-0.0021702177989318863,0.24418801900527473,-0.0009645724435898988,0.0005023985343645755,0.13829350065682203,-0.0008107919255366501,3.357011082458754e-05,-0.0005685903197158672,0.0047340067675024945,0.570774694184733,6.050873246417119,7.004885263188867,7,48428046
0.0026910392387391453,0.23294791523309946,0.004419120222706028,-0.002247669820714711,0.13854868142595658,-6.260895980810038e-05,-0.0003171031809012424,-0.0003218023601408457,0.005402146129039542,0.5641760962558565,6.050873246417119,6.9961090606009515,7,48428108
0.0043941284198430065,0.2369583342517217,-0.0009674538563653501,0.0015444683052854582,0.13748351510244863,-0.0009059056238296045,2.9532961014837127e-05,-7.51580737106411e-06,0.005853553576498745,0.565417469566145,6.050873246417119,7.00067337331251,7,48428579
-0.004640600155500114,-0.1547039915458741,0.01214282156169174,0.0012440976756593351,-0.0821535263329788,-0.004960814957220166,-0.0001281423053734282,-0.0012926052609639057,-0.023530628262031776,-0.7782581996835622,6.050873246417119,5.014591657150967,5,48429309
0.0047842297715466045,0.23598223462286264,-0.0010074846233398055,0.0015929453844758092,0.13862297312208616,-1.5160853663473437e-05,-7.414419822387155e-05,-0.0004082413113091938,0.009294301536397376,0.5652727140483366,6.050873246417119,7.004917613916287,7,48429310
-0.0015816669494830857,0.2421832164221675,-0.0009801940746478933,0.0005170144841044862,0.13727675761233823,-0.001463279847248568,-9.505567388045666e-05,-0.0005025227287090572,0.004070014437991641,0.5718728994357488,6.050873246417119,7.002170429535501,7,48431546
-0.0024570788220899865,-0.21055687305060297,-0.0016314587561469898,-0.0008701997506497957,-0.07649764741810121,-0.0025281063156343416,9.864953044714316e-06,-0.00019865745618712722,-0.003682474485722154,0.24382422771584591,6.050873246417119,5.996284843030875,6,48432688
0.012457148873352433,-0.1585845730072402,-0.0018523890054564468,-0.0019431689953345937,-0.08408624370612476,-0.005658303723588218,-0.0001453018124747906,-0.00031107565909075063,-0.004186906147247378,-0.7976896892506965,6.050873246417119,5.0088727439832175,5,48432892
-0.003071946374254799,-0.1834223584213176,-0.002286484037157459,-0.00017757274790512382,-0.062191560698450006,-0.0018102647872081986,-5.0177449397763e-05,-0.0013100729708167493,0.016597202069287886,0.24038826381270675,6.050873246417119,6.053538274812605,6,48433907
-0.002934539723648579,-0.16087716158394957,-0.0016736198275525919,0.001227237344232265,-0.0833222695328438,-0.0034526011694294124,-0.00012325908696659722,-0.00011224704011329184,-0.005189151727954378,-0.795888815634886,6.050873246417119,4.998526818434008,5,48433993
0.011562713495561499,-0.15859525201622612,-0.0017806806133987146,-0.0019743525695878534,-0.08352848439279971,-0.005804858732790097,-5.807768638151479e-05,-0.0003457146196248446,-0.008789149316263385,-0.8019485052105525,6.050873246417119,4.9996108847550556,5,48437703
0.008546619964337338,-0.21427839913221072,-0.0013808814743658095,-0.0011190956284674823,-0.07795843415280591,-0.0044682415845580985,4.136893300844828e-05,-0.0009477474414755694,0.0195356139008051,0.21139847361947614,6.050873246417119,5.9902425234208625,6,48438967
0.008043578094570947,-0.16838960246885065,-0.0005658155249684411,3.502275531568147e-06,-0.06317544739660595,-0.004939364588039362,-5.459956889260322e-05,-4.3424335876757664e-05,-0.026805951298157788,0.20502508315075413,6.050873246417119,5.999971204756584,6,48441072
-0.005114969460984317,-0.16244944181116636,-0.0012006672100619053,-0.0017936296611620372,-0.08732537538235279,-0.005883184093293281,-0.00011664439326384066,-0.00044786950924440255,0.02871667290561647,-0.8070392789512034,6.050873246417119,5.008218858850002,5,48441944
-0.004244054332967926,-0.15569749719296383,-0.002218863851430897,0.0011157989259833485,-0.08229432639794824,-0.003797188065035969,-6.646708115552647e-05,0.00018689071315360485,-0.026816412719658053,-0.7797213744480026,6.050873246417119,4.997319751967094,5,48442510
-0.002032203904181938,0.2329714746221773,-0.0005673358926868443,0.0004552482179999196,0.13651526632428962,-0.0012001574507283428,0.00011400555420283654,0.0007783875285041475,0.028269538012163573,0.5592843929616945,6.050873246417119,7.005461862390554,7,48443667
-0.004047853329682924,-0.15410431451040546,-0.0020676467805348783,-0.0014882227493001868,-0.08197048830542435,-0.0033497903864288816,0.00011893141096678783,0.0003280200769103677,-0.02678985545289506,-0.7804052681170117,6.050873246417119,4.997096758273312,5,48443754
0.007998692718212838,-0.17093782938843427,-0.00192552491442528,-0.00013737987541368038,-0.0604367819643562,-0.0009343373447726317,3.045118028661813e-05,0.00025567671859727894,-0.02755265311694251,0.2109047930310777,6.050873246417119,6.008138353460948,6,48445690
-0.0015586723928022732,0.2422614880497094,-0.0009784280559841606,0.00048599085301864666,0.13728422491863151,-0.0014514616204871391,0.0001211365898922649,-0.0005127207649675044,0.004104405095962263,0.5719060314112059,6.050873246417119,7.002535240501298,7,48446385
-0.0022663574930476597,0.22822949076665291,0.0022474242714588376,0.000353953255010831,0.1370342425313798,-0.002087547960598635,-8.59941761033575e-05,-0.00019733619387130372,0.027061415740511567,0.557189861366546,6.050873246417119,6.998352398525059,7,48446397
0.005578704949388212,0.22690029459764335,-0.0005070279362257881,0.0015112932710610026,0.13630620440115973,-0.0007765427740570485,-4.4239671126701645e-06,-4.702217468848678e-05,0.030868033201810786,0.5513204966167867,6.050873246417119,7.002023256602885,7,48446622
0.004392766104949613,0.2368486667402942,-0.0009690534178830138,0.0015444683052854582,0.13751328001537455,-0.0007732305579032104,2.9532961014837127e-05,-0.0007109501671483631,0.005977324066502599,0.5654554102816122,6.050873246417119,7.000181460749217,7,48446628
-0.004443710474214015,-0.15246494523884863,0.006986568896287172,-0.0024064858365717085,-0.07591439615930354,-0.0031229253169591602,-0.00012372766676692462,0.0004414778968309087,-0.029137935137197656,-0.7648919129387006,6.050873246417119,5.0257952544416735,5,48446930
0.008028796849398412,-0.17093938866780012,-0.00192552491442528,-0.0001463364747115248,-0.06043868164002742,-0.0009253955884543306,8.881482699074371e-07,0.00025567671859727894,-0.027522200741008036,0.2109143198599649,6.050873246417119,6.008175399966922,6,48447805
-0.0015586723928022732,0.2422614880497094,-0.0009784280559841606,0.00048599085301864666,0.13728422491863151,-0.0014514616204871391,0.0001211365898922649,-0.0005127207649675044,0.004104405095962263,0.5719060314112059,6.050873246417119,7.002535240501298,7,48448251
-0.002854367133885609,-0.21760541484835944,-0.001298641015121795,0.0005871855476287664,-0.07742151499102354,-0.00420606792198302,-4.128368108607348e-05,2.0372192973617162e-05,0.0192647962183476,0.2225642373757038,6.050873246417119,5.989882548160313,6,48448618
0.012747291601784783,-0.15601900028520932,-0.0013427670876173376,-0.0024228713469020536,-0.08033690589342371,-0.009346795225382948,-7.137127588089669e-05,-0.0006105844728299764,-0.014144994894765707,-0.7834712426179927,6.050873246417119,5.015854004918898,5,48448854
-0.002629996419333696,-0.1720622349295298,0.008559313452768134,-7.762634729576402e-06,-0.05920851328467109,-0.002827021023382495,-0.00010949632295551351,9.892766009403496e-05,-0.027557443085701273,0.22041671689515618,6.050873246417119,6.0155457367248335,6,48449126
-0.002593821705059928,-0.21485886934416806,-0.0022609477049732713,0.0010383252884736622,-0.0785964512287585,0.015950126064723423,-6.243538493040143e-05,0.0011900572357684944,-0.006227308261806448,0.22769040391269005,6.050873246417119,5.992142325289078,6,48449434
-0.0017655500835928016,0.2387575350114256,0.003728853331590893,-0.00096424646703246,0.139221192481002,-0.0013748353870505642,-0.00016948481130966075,-0.0009995700326744564,0.0054033488637379905,0.5696154321829241,6.050873246417119,7.00232592150614,7,48450371
-0.0029485286035902656,-0.16089071928818016,-0.0016632489055585801,0.0012111898195403658,-0.08333996277276426,-0.0033850826150098063,-4.5640806224795675e-06,-0.0001092464815673361,-0.005103552862327026,-0.7959005538571345,6.050873246417119,4.998738976769905,5,48450439
-0.002877863492729901,-0.1778925454196585,0.005745488724463607,-0.0005373448259847568,-0.06166804224287935,-0.0058508831303078265,0.00021335338372506152,-0.00045930393465965755,0.01563650267370647,0.15730381805701954,6.050873246417119,5.980486426209813,6,48455383
0.0025316925229708145,0.26246846162514137,-4.3512699669791945e-05,0.0022815805533408693,0.06187089269988603,0.0010825306849672244,1.8733439349055883e-05,-0.0008166484289189366,0.003559687184154965,0.5773682400901103,6.050873246417119,6.96119490408845,7,48456428
0.0043378789814924055,0.23725762932110478,-0.001016706918721343,0.001466638224489235,0.13730906279101474,-0.001158023318276164,-4.8140320827503585e-05,-0.0007531623515087671,0.005213074127274472,0.565832309102353,6.050873246417119,6.999313806055512,7,48456898
-0.002949843925358484,-0.16095723131681766,-0.0016828104715178231,0.0012425459936885857,-0.08330376381882332,-0.0033999104595596537,1.078189568378525e-05,-0.00018485846980310585,-0.005206365914291582,-0.7959758355270792,6.050873246417119,4.99846595440324,5,48456947
0.004943111766132891,0.23624700602745982,-0.0011195676949332476,0.001603803238099309,0.13836896759889158,9.169884792198809e-05,0.00016829145806676715,-0.00038394827269765385,0.008961332425174797,0.5647915830582665,6.050873246417119,7.004545524869501,7,48457436
-0.001540607940735471,0.24216199277782693,-0.001008105657083432,0.0005273575852629722,0.13729071424742859,-0.0014162188539113343,-0.00022082379018931379,-0.0004888369346099555,0.004042196549881708,0.5719268010261312,6.050873246417119,7.002147715427121,7,48457899
-0.0017116597130262302,0.24558724999205145,-0.001050245999855343,-0.0009542336291642957,0.13821754909353282,-0.0006988936527707635,-0.00010091614243597993,-0.0004570724515072599,0.004176800178241606,0.5716800636369109,6.050873246417119,7.005561887729096,7,48457940
-0.002121433526083443,-0.18040137108654014,-0.001892390884065153,0.0002567704788171334,-0.060499178147560666,-0.0024200180996476798,-5.857598970002879e-06,-0.00032612165145456327,-0.003269526328625775,0.20704197928159057,6.050873246417119,6.0072360988545785,6,48458891
-0.002276655401198772,0.2373075428029941,0.0042889676211856935,0.0005861492991391472,0.13890238994624152,-3.5668249744295514e-05,1.539566056972518e-05,-0.0004904384639625824,0.0050652061699872596,0.5688578249232212,6.050873246417119,7.003093960725552,7,48459118
-0.002001745867908855,-0.21052448626466758,-0.001621142736238784,-0.0007891398758708393,-0.07635181391305818,-0.001682839942049893,-0.00014560361109856098,-0.00015874979178896837,-0.0022410571898236115,0.24610271026467057,6.050873246417119,6.001459377489284,6,48459271
0.006024958826772058,0.23835766226329783,-0.00034716288314358277,0.0013022796063081855,0.14398095140271785,0.00014014220826869474,-4.8189048838121395e-05,0.0001672256103435734,-0.016285476509408127,0.5840687874379843,6.050873246417119,7.008234425331421,7,48460161
-0.0026295032609469178,-0.19945355397894277,-0.0012479338242162913,-0.00047984564838103475,-0.07507860106481862,-0.00167516690518459,-2.559890742190905e-05,0.0002710031436413301,-0.02767657640986674,0.259270206121809,6.050873246417119,6.0021476756827905,6,48460226
0.008113950752819135,-0.21115456707403202,0.00728975340549452,-0.00122008602389539,-0.078439704306388,0.008231858629127247,-9.423341474344426e-05,-0.00026690623352881344,-0.004562150354501152,0.22578774007935182,6.050873246417119,6.004558901876822,6,48460308
-0.004151956310762787,-0.1555379167992083,-0.002308991259726497,0.001133815970034707,-0.08300076710822,-0.002018083908336069,7.280842197658014e-05,0.0002689484936098341,-0.026354566659336977,-0.779373602634744,6.050873246417119,4.999602934622405,5,48460556
-0.0016295297121659137,0.22971265291358525,0.0021079412047127033,-0.0005384471063342405,0.137417373753448,-0.002365400810231978,0.00021777185621570268,-0.0001781091665820408,0.027382305870665206,0.5581513165627445,6.050873246417119,7.001151121783177,7,48460625
-0.0022116898106403914,0.23307457659209793,-0.00043746294409597567,0.0002681094238647386,0.13527838148476143,-0.0004534808574260842,-8.026341520986088e-05,-0.0002735819234719714,0.027754977769353865,0.5594069280251147,6.050873246417119,7.003199740761467,7,48461097
-0.002934539723648579,-0.16087716158394957,-0.0016736198275525919,0.001227237344232265,-0.0833222695328438,-0.0034526011694294124,-0.00012325908696659722,-0.00011224704011329184,-0.005189151727954378,-0.795888815634886,6.050873246417119,4.998526818434008,5,48461171
-0.0024807270611541766,-0.17976311600466913,-0.0019187705598895633,0.0003348068675514287,-0.06109492556767512,-0.0019044842830088242,3.166202049956306e-05,-0.00030984840159193434,-0.004262286543492409,0.20686548281443617,6.050873246417119,6.0063710396981245,6,48461524
-0.002212012067456699,0.2330000674391996,-0.00042820862823811443,0.00021044865589941506,0.13633216315372015,-0.001911102588755966,0.00014870482584649274,-0.0002511009278823724,0.02846871230180986,0.5594498475918831,6.050873246417119,7.003680766173145,7,48461535
-0.002800274088666389,-0.15972675718150162,-0.0015297501352993141,-0.001665417238169725,-0.0822663115782817,-0.004403724451748917,-0.0002515457761610292,-2.742025549168339e-05,-0.004949822060000857,-0.7980486257254747,6.050873246417119,4.995203597926324,5,48461693
-0.002994294901699431,-0.17617583053044775,-0.0018539028663701756,0.0005671585212892174,-0.061465727729167474,0.009228132119069433,0.00019546195822989538,-0.0007385963621692476,-0.016758640711692467,0.18399728396538523,6.050873246417119,5.984874289879546,6,48461852
-0.0020595953172703133,0.23291166214663844,-0.0004051311690030449,0.0002826047287853179,0.1366256653445139,-0.0020089129575308075,-2.81386684921219e-05,-0.0007209419569841839,0.027909575037460534,0.5598139844214373,6.050873246417119,7.003194018026674,7,48463584
-0.005571499240306038,-0.18736125640821197,-0.0014353473242660862,0.0006636089924457365,0.012587455976987384,-0.011296646468691943,-1.43156244628492e-05,0.00014867391568667556,0.044554492486163555,-0.7942570774574675,6.050873246417119,5.108891335264995,5,48463624
0.0022392074374659693,0.24079109823252587,0.0040844547817826,0.0011279501289830432,0.05423434554283662,0.002565168630704767,-5.12763701494322e-05,-8.65627505592221e-05,0.012971363201312563,0.56220691533598,6.050873246417119,6.930955910588002,7,48464703
0.0115723192701233,-0.16305800280576502,-0.0019474139049137757,0.0014178269799177906,-0.08455896376193547,-0.005079635563892093,-8.890340506823904e-05,-0.0003835077445276889,-0.00893458581412998,-0.8000523810061455,6.050873246417119,4.9997599986607835,5,48465258
0.005530309549129389,0.22677083333363393,-0.00039749051833266175,0.0014370861700259505,0.13665436160145972,-0.0015150394901120657,8.465998941401227e-05,-0.001034272442606849,0.030001453016926288,0.551399969980588,6.050873246417119,6.999805117607244,7,48465510
-0.004850665169699189,-0.15056371973562263,0.002819146293096171,0.001636640685193869,-0.07512553987860796,-0.004662943907472438,3.265912476927972e-05,-0.0003516875850446268,-0.023915111726050535,-0.7696918808142705,6.050873246417119,5.02620014370341,5,48465579
-0.002854367133885609,-0.21760541484835944,-0.001298641015121795,0.0005871855476287664,-0.07742151499102354,-0.00420606792198302,-4.128368108607348e-05,2.0372192973617162e-05,0.0192647962183476,0.2225642373757038,6.050873246417119,5.989882548160313,6,48470976
-0.0020834998028618763,-0.20934836806636545,-0.0022433754974337406,-0.0009185501508066921,-0.08927765829376515,-0.003590222331919998,-0.00011674898946537189,-0.0005312102495368756,-0.004097138286935783,0.24087381542528769,6.050873246417119,5.979540290173316,6,48471381
-0.0021395435578659325,0.2331201335608623,-0.0004959058152042133,0.00037266787152615547,0.13623321037401023,-0.0013236616576113589,0.00015097656625814252,-0.00016526401290365827,0.02880802888404976,0.5595366070339426,6.050873246417119,7.004970495664183,7,48471402
0.011886907218039032,-0.16336482724737686,-0.0018998671615315945,0.00140414448165697,-0.08367883675538516,-0.005717885180324937,-3.707065251663949e-05,-0.00033482122688709,-0.008302312176565164,-0.8010604049289607,6.050873246417119,4.999768272787267,5,48473716
0.0057145304687656415,0.23869477159302652,-0.0010256841363714124,0.0015546868819913706,0.13846980809254536,-0.0004920222722756805,-3.031159825552012e-05,-0.00047276424224185134,0.007094455311115683,0.5643135962235889,6.050873246417119,7.004694312739007,7,48476640
-0.0019644429999205407,0.23527209301392396,0.0018019717546580813,-0.0006207960279901514,0.14523459633102703,0.00010908223368649127,-0.00011676410804313974,8.379021413773322e-05,-0.021469218675723944,0.5902192229475643,6.050873246417119,6.999422781100439,7,48478149
-0.0014928582070194876,0.2457735650882666,-0.0008637982860679303,-0.0008094569559885424,0.13722645485375204,0.0016723682208550316,0.00018431763234240669,0.00257952558042795,0.0050196128863883496,0.5680026853418129,6.050873246417119,7.008165662571887,7,48479417
-0.0016222834406652573,0.2354321273913114,0.0038985031115330157,0.0005671690815866274,0.1379343352956406,-0.001577782269951645,0.0001138362310187991,-0.0004526407379870619,0.004921550786886193,0.5699434661352236,6.050873246417119,7.000031528001716,7,48479580
-0.0042487147702043124,-0.15572975670085168,-0.0022125915954095497,0.0011206471627037747,-0.08230076653708329,-0.0038231658645351374,-4.1497899666299e-06,0.00020303761039707922,-0.026859857194692093,-0.7797277802989646,6.050873246417119,4.9972901484385135,5,48480749
0.004538273597504979,0.23693618165897842,-0.0010175235534056518,0.001548903235830864,0.13737160990556968,-0.0007727406241906912,-1.4578091612798915e-05,-0.0004146643678965433,0.005496560009617353,0.565014221763292,6.050873246417119,6.999559489950807,7,48481252
-0.0030235203615817897,-0.16121058252162498,-0.0016148947889820168,0.0011605525512101117,-0.08235130003741314,-0.0044322957576122,-3.589672688444852e-06,-2.2787191578589327e-05,-0.00455884335574251,-0.7971959234761039,6.050873246417119,4.997620061805002,5,48481852
0.005542589132744136,0.22694412110181397,-0.0005052619175620554,0.0014887652830767257,0.13631325021041493,-0.000784449026057177,0.00011646204404363579,-5.715161826151298e-05,0.030923856182066625,0.5513494378391721,6.050873246417119,7.0022048656485705,7,48481858
-0.0015277025878045296,0.24265849713903948,-0.0010145252662667004,0.00048067700609559787,0.137049867113227,-0.0016402759270830237,4.858132984285071e-06,-0.00043662577455121,0.003413695640185411,0.5724899375282048,6.050873246417119,7.00235164942115,7,48483284
-0.0030293135075595595,-0.16121897367934637,-0.0016166608076457496,0.001158818382125199,-0.08236797442402377,-0.004434436409043118,-5.2066727547190116e-05,-2.303540205261501e-05,-0.004557110703969711,-0.7972258002653251,6.050873246417119,4.997506692872732,5,48484289
-0.0036539655922294477,-0.15944672129264537,-0.00167299320108402,-0.0017197395978993174,-0.08368695909442542,-0.0034580180054860498,3.445895180505413e-05,-6.64372629663117e-05,-0.0017198086480867546,-0.7936530379558302,6.050873246417119,5.001830024718272,5,48485761
-0.003172413415065819,-0.15813449974437677,-0.0007346779391961896,0.00137270769536258,-0.0798960118574958,-0.00447145935810172,0.00015754360018610866,0.002793488447668738,-0.0074087443914736895,-0.7881246846651816,6.050873246417119,5.013254494789445,5,48486713
0.008122973236824324,-0.2135180282862638,-0.0018360804010766158,0.0007749051517009307,-0.07818532460563259,0.002175359409570072,-0.0001535827314013772,-0.00019772299666980992,-0.0020625715978370082,0.23037790196007707,6.050873246417119,5.99637107555641,6,48486930
-0.0035069416854665676,-0.15888879414767498,-0.001330410074487189,0.0014676809438286449,-0.07810052755509347,-0.007788571729636857,-1.5969414197423083e-05,-0.0005457166656507463,-0.009435963333680604,-0.7798933784743174,6.050873246417119,5.012834654280742,5,48489662
-0.0023544735895630296,0.2442448181844996,-0.0003731857883604345,0.0004906792082181651,0.14265035245460378,0.001518575065975278,-0.0001535242782050735,-0.0001128500493879341,-0.02014633298891187,0.5869703788883035,6.050873246417119,7.00360768352429,7,48490733
-0.0011289452150419843,0.23679664979711476,0.003719115533194746,-0.0009250510961078567,0.1382205097732328,-0.002031767584297959,-8.162552536701002e-05,-0.001055842217797497,0.00454898314362866,0.5708540525896773,6.050873246417119,6.999789325615355,7,48492285
-0.0018719608151175403,0.24501663244733488,-0.0002615593297815589,-0.0006161883745618057,0.14420423937796292,0.0004523375745778116,-0.00013296826624203243,5.418237743202506e-06,-0.019737563380659965,0.592106839634276,6.050873246417119,7.010038473522651,7,48492398
-0.004251117251806107,-0.1558872150913905,-0.002303330782162463,0.0010806808338433942,-0.0836121478206081,-0.0042528586316311675,7.074250057629593e-05,0.00017820301842792974,-0.027805239060055123,-0.7806714870114141,6.050873246417119,4.993419477120899,5,48492697
0.004171592426372871,0.23425156298179722,0.004462652094915375,-0.002373021610010029,0.1396099185694405,0.00044056661833369087,-7.435433773956803e-05,-0.00017531301631780694,0.007679939900614567,0.5628410830274447,6.050873246417119,7.001707873071969,7,48492771
-0.0017042771335868262,0.23120506175801908,4.534182336012558e-05,-9.554352334368577e-05,0.13669779798173867,-0.0017250345841714806,-0.00019280827319371227,-0.0024487260354104272,0.02720843070851113,0.5421835690738261,6.050873246417119,6.982047058212868,7,48493101
-0.00520809445987302,-0.1607533339362591,-0.0022552243653618524,0.0024518935359127097,-0.08646685163122235,0.007303137216992696,-0.0001781053249559713,-0.0005371785777934916,0.023847019375230247,-0.7955848057089595,6.050873246417119,5.033491702540828,5,48493502
-0.001744357528138594,0.24555313960673905,-0.0010702675546841697,-0.0009541044978216632,0.13819075873563033,-0.0007499628911961766,-8.882162469018525e-05,-0.0004902723862226389,0.0037534901113744764,0.5714230054608486,6.050873246417119,7.004695853848958,7,48494014
-0.002934539723648579,-0.16087716158394957,-0.0016736198275525919,0.001227237344232265,-0.0833222695328438,-0.0034526011694294124,-0.00012325908696659722,-0.00011224704011329184,-0.005189151727954378,-0.795888815634886,6.050873246417119,4.998526818434008,5,48494271
-0.0024104193578039345,-0.21538989252600665,0.006938864163537086,0.000700276183558278,-0.07798268995995256,0.008301592722378131,0.0002333735764421018,-0.0002677821307748733,-0.004258445641941017,0.23461944711541233,6.050873246417119,6.001357570561968,6,48494473
-0.003308930090090915,-0.15795691428051012,0.007030959217465381,-0.002208539791750229,-0.07988308283514432,-0.008367787228726609,-5.5584484723602336e-05,-0.0005537783151256778,-0.009709800669491698,-0.7793564570636372,6.050873246417119,5.016503330875385,5,48365239
-0.0021044379402675047,0.23307545043245897,-0.0005263138629666256,0.0004281126087852592,0.13623499112924528,-0.0012137478430151835,-7.074926185294411e-05,-0.0002000166439106001,0.028837805277205926,0.5596142748544191,6.050873246417119,7.004948615167221,7,48496176
-0.00233848048798278,-0.2149134542626387,0.0063744698218022,0.0006239346699005806,-0.0760043081875214,-0.0016733130326772566,-0.00015570816822504477,-0.00016160018537948466,-0.001855051078274113,0.240795389678101,6.050873246417119,6.001565125184224,6,48496329
-0.004244054332967926,-0.15569749719296383,-0.002218863851430897,0.0011157989259833485,-0.08229432639794824,-0.003797188065035969,-6.646708115552647e-05,0.00018689071315360485,-0.026816412719658053,-0.7797213744480026,6.050873246417119,4.997319751967094,5,48496750
0.0058050400819304486,0.22679088390851834,-0.0004395781162965151,0.0014532256118786992,0.13644920420424175,-0.0012267564833520074,-2.551405506285783e-05,-0.00013764582885728073,0.030651023453675375,0.5513049278530486,6.050873246417119,7.0014980570468435,7,48496808
-0.0019962016810576577,-0.21058137421781725,-0.0016107718142447723,-0.0008190628554549853,-0.07634519933436522,-0.001574701261886564,4.858906202283739e-05,-0.00014781322598838743,-0.002107584763968752,0.24617676541094272,6.050873246417119,6.0019158917353,6,48498709
-0.0015111726838135779,0.24256875083562893,-0.0010300415636653585,0.000504819003897106,0.1370490813005464,-0.0014959044604683995,-0.00013759606643720397,-0.0004094931751736793,0.0034618408548764785,0.5724780194603065,6.050873246417119,7.002351549922816,7,48499878
-0.0016295297121659137,0.22971265291358525,0.0021079412047127033,-0.0005384471063342405,0.137417373753448,-0.002365400810231978,0.00021777185621570268,-0.0001781091665820408,0.027382305870665206,0.5581513165627445,6.050873246417119,7.001151121783177,7,48500407
-0.001981363162633052,0.24140144058591262,-0.001039385303897849,0.0005662848128353169,0.13821991200547643,-0.00015190872658213137,2.3254429857466755e-05,-0.0004841780801995278,0.007807036042756344,0.5719922892253111,6.050873246417119,7.007226628245955,7,48500901
-0.002073070088457531,-0.21142575131933183,-0.0016493745661658168,-0.0008357704308955947,-0.0760958025074678,-0.0019431749490544277,0.00023507689042371666,0.0016205383216328143,-0.002076852600347279,0.24534281562367677,6.050873246417119,6.001971880791132,6,48501014
-0.0027115809889294035,-0.26117866891827496,0.007361861579571355,0.0009350244685541801,-0.017886666779312575,-0.0042372905803808964,-4.9828648275641425e-05,-0.0003943812224859798,-0.002849046714354321,0.2099928513499299,6.050873246417119,5.97985551996316,6,48501048
-0.003413416815246676,-0.15793456835488018,0.007035998268998612,-0.0022238888381723456,-0.08495368531633368,-0.008542658055524807,-0.00016981658593230597,0.003337418154224734,-0.00771623081204922,-0.7871703870763592,6.050873246417119,5.009122010985845,5,48501663
-0.0015816669494830857,0.2421832164221675,-0.0009801940746478933,0.0005170144841044862,0.13727675761233823,-0.001463279847248568,-9.505567388045666e-05,-0.0005025227287090572,0.004070014437991641,0.5718728994357488,6.050873246417119,7.002170429535501,7,48502800
-0.0021477201087010235,0.228264040230037,0.0021452642030303677,0.0002911134856513776,0.13733389052499362,-0.0022381021933548387,0.00011781456871601193,-0.0009073902842563683,0.026527476794474158,0.5575581691042406,6.050873246417119,6.99781780274195,7,48502812
-0.002264703151193823,0.23741055803280306,0.004205821922958358,0.0005862347804504673,0.13893530197186274,1.3371028508158997e-05,8.577207721165797e-05,-0.0004675537717658395,0.005464679004278221,0.5691412042157069,6.050873246417119,7.003983932527939,7,48502854
0.005424396025803476,0.22684839205047133,-0.0004527702597052395,0.0015038779272974377,0.13647066069506794,-0.0011627366865084704,-2.8588248459902403e-05,-0.0009820731846438056,0.030084552846932545,0.5512500534110301,6.050873246417119,6.999829010994404,7,48503512
-0.004151956310762787,-0.1555379167992083,-0.002308991259726497,0.001133815970034707,-0.08300076710822,-0.002018083908336069,7.280842197658014e-05,0.0002689484936098341,-0.026354566659336977,-0.779373602634744,6.050873246417119,4.999602934622405,5,48503630
-0.004151956310762787,-0.1555379167992083,-0.002308991259726497,0.001133815970034707,-0.08300076710822,-0.002018083908336069,7.280842197658014e-05,0.0002689484936098341,-0.026354566659336977,-0.779373602634744,6.050873246417119,4.999602934622405,5,48504801
0.005841101115272125,0.23866343526512146,-0.0011240688755723635,0.001563727464475596,0.13805834708309078,-0.00014671153449923797,-3.401569756390208e-05,-0.0003802584633028482,0.0065991488206959305,0.5639596526954755,6.050873246417119,7.003873604290311,7,48505130
-0.0021395435578659325,0.2331201335608623,-0.0004959058152042133,0.00037266787152615547,0.13623321037401023,-0.0013236616576113589,0.00015097656625814252,-0.00016526401290365827,0.02880802888404976,0.5595366070339426,6.050873246417119,7.004970495664183,7,48505369
0.004738585992810743,0.23706099967183591,-0.0008669411247620417,0.0015395608926757854,0.13571886749250206,0.0009902426193841437,-3.9285433776700066e-05,-0.0003959358841439265,0.005758985546574205,0.5656065261083462,6.050873246417119,7.000984852298564,7,48505970
-0.004414477454378249,-0.1498361264596111,0.002543454779155541,0.0012985658459218556,-0.0727338329185093,-0.0031795593742193723,-3.067807333580561e-05,-8.922725715053961e-05,-0.020532740747067738,-0.771924627094688,6.050873246417119,5.031973997663236,5,48506774
-0.0032042898285751234,-0.160666638044838,0.008430849584270816,0.0013247193243097622,-0.08332673778748734,-0.0039894928840857255,-0.00010499465205649864,-0.00010777807542905024,-0.006587751275636701,-0.7986860977158136,6.050873246417119,5.003955035061778,5,48507045
-0.0036034027161637662,-0.1595804720152425,-0.0015668589397199123,-0.0015859399989766286,-0.08284460851172118,-0.004121635744491622,-4.774643874782294e-05,-3.4725991655807475e-05,-0.0012138464802835815,-0.7943464967433587,6.050873246417119,5.001927512836757,5,48508784
-0.0029631493576132216,-0.15917870967663805,0.008292051079265275,-0.0018629531357877496,-0.0832349891182792,-0.004057170582079792,-0.00011530809328992775,-0.00011385080927827645,-0.006973410383424888,-0.7996384114551567,6.050873246417119,5.001027344884837,5,48509339
-0.0022310097566396476,0.23295712747539388,-0.0004475919276924326,0.00023388195242801468,0.13628393018832996,-0.0020672945384496997,-0.00020202193981941756,-0.000325923752312145,0.028219045121521093,0.5593615516349407,6.050873246417119,7.0026549408748195,7,48509604
-0.0015904828821977572,0.23440495795859004,-0.00036157854374925763,-0.0004182718034366686,0.13672806562141723,-0.00213793620731506,0.00022945932516297657,-0.00023375009159056458,0.02879268115554892,0.5603146524779907,6.050873246417119,7.00660104342754,7,48509846
-0.0027620431345176935,-0.15973104531114643,-0.0014974742595128695,-0.0016233180820308549,-0.08226016639536364,-0.004391952724680496,-4.968939397118033e-05,-2.4351924592954544e-05,-0.004932987510510428,-0.7980396744252617,6.050873246417119,4.995560543255531,5,48510034
-0.0029446352865155306,-0.16089323024771876,-0.0016605148730215377,0.0012255031751473523,-0.08332079604879816,-0.0034236886905163835,-0.00011709048481120815,-9.921931185121166e-05,-0.005134623784742254,-0.7959116466685873,6.050873246417119,4.998593304195705,5,48510329
-0.0042376729508043325,-0.15560707161335832,-0.0022231766981064337,0.001086386786991397,-0.08228344931761924,-0.0037936755240960047,5.508987812247552e-05,0.00019550233925938666,-0.026705307339063126,-0.7796742498344139,6.050873246417119,4.997685622144032,5,48510622
0.008096988437997034,-0.21216597385487523,-0.0018544732170040737,0.0008052672835562357,-0.07700723355178939,-0.0020020844868446903,0.00026340980460323624,-0.00024245857378479022,-0.0002574596818965957,0.23036313586613477,6.050873246417119,5.996872364443215,6,48511055
-0.003651808646084827,-0.159398448627038,-0.0016712271824202876,-0.0017439816032849523,-0.08371924638289435,-0.0035177715331537853,-4.8891772894354884e-05,-8.980960249676712e-05,-0.0018044499057759606,-0.7937047123954891,6.050873246417119,5.001522898765588,5,48514208
-0.003651808646084827,-0.159398448627038,-0.0016712271824202876,-0.0017439816032849523,-0.08371924638289435,-0.0035177715331537853,-4.8891772894354884e-05,-8.980960249676712e-05,-0.0018044499057759606,-0.7937047123954891,6.050873246417119,5.001522898765588,5,48514366
-0.0027795065736084725,-0.20060498055996456,-0.0013154127734170636,0.0003124336152621627,-0.07528714385768177,-0.001932291337157587,-9.375982895756825e-05,0.00024353947623730204,-0.028261984341131884,0.2580660695040835,6.050873246417119,5.999220209740783,6,48515075
0.007633010366689353,-0.16116751398250126,-0.0006966370215485182,0.00032770594854080175,-0.06577001338171204,-0.0036165287908383617,0.0001991991211592745,-0.0016693629065129229,-0.02692371097342404,0.18422309647445453,6.050873246417119,5.983412491271426,6,48515540
0.008687397443539935,-0.21415607166914297,0.00417846019130899,0.000788764083056651,-0.08441131685273583,-0.003961432035724236,0.0001001543491615855,-0.000505822546898655,-0.0027316907046003465,0.23430446215933148,6.050873246417119,5.993166150834415,6,48515572
-0.003308930090090915,-0.15795691428051012,0.007030959217465381,-0.002208539791750229,-0.07988308283514432,-0.008367787228726609,-5.5584484723602336e-05,-0.0005537783151256778,-0.009709800669491698,-0.7793564570636372,6.050873246417119,5.016503330875385,5,48516325
-0.002658692094527275,-0.2119655609317709,-0.0018040688043908632,0.0006414440754532535,-0.07692112624685836,-0.0021219295682753663,-0.00012876756025767934,-0.0001841564158418394,-0.0034160346279959453,0.24335763558151083,6.050873246417119,5.995671989824165,6,48516367
0.007534600027883442,-0.16077164578960554,-0.0006872270320197691,0.00039642839249598633,-0.06583711062484465,-0.006556620604330603,0.0002816630453311225,0.0025142226339926357,-0.02670379053525061,0.18434373505278936,6.050873246417119,5.98538750098356,6,48516866
-0.002693399252686677,-0.15938923321574963,-0.0015707244164844519,-0.0017187411997915648,-0.08321190075140693,-0.003564462558413847,-0.00013357252820002632,-0.00012362306175480673,-0.005585091346294864,-0.7967971835229463,6.050873246417119,4.9960853145633894,5,48517019
-0.0017116597130262302,0.24558724999205145,-0.001050245999855343,-0.0009542336291642957,0.13821754909353282,-0.0006988936527707635,-0.00010091614243597993,-0.0004570724515072599,0.004176800178241606,0.5716800636369109,6.050873246417119,7.005561887729096,7,48518537
0.0047551626221689035,0.23146678641471286,0.002677849034499978,-0.0019069006517573968,0.14623292962842113,0.004707653643879238,-0.0001326253675503114,0.0003418667669090392,-0.014820878413600217,0.5837715958307209,6.050873246417119,7.007966685925522,7,48518778
-0.0015469436906212358,0.2425899744799695,-0.0010041543442726886,0.00049447590273862,0.13704012469394433,-0.0015487807984315596,-5.66389432478951e-05,-0.00042317896927278125,0.003444621925411675,0.57246363084212,6.050873246417119,7.002326377515457,7,48519273
-0.002934539723648579,-0.16087716158394957,-0.0016736198275525919,0.001227237344232265,-0.0833222695328438,-0.0034526011694294124,-0.00012325908696659722,-0.00011224704011329184,-0.005189151727954378,-0.795888815634886,6.050873246417119,4.998526818434008,5,48519396
-0.0016295297121659137,0.22971265291358525,0.0021079412047127033,-0.0005384471063342405,0.137417373753448,-0.002365400810231978,0.00021777185621570268,-0.0001781091665820408,0.027382305870665206,0.5581513165627445,6.050873246417119,7.001151121783177,7,48519507
-0.0036034027161637662,-0.1595804720152425,-0.0015668589397199123,-0.0015859399989766286,-0.08284460851172118,-0.004121635744491622,-4.774643874782294e-05,-3.4725991655807475e-05,-0.0012138464802835815,-0.7943464967433587,6.050873246417119,5.001927512836757,5,48519707
-0.001551965087450366,0.24260310568908136,-0.0010014203117356462,0.0004881273755570705,0.13705371165204894,-0.0016092817670089416,-8.943367149509203e-05,-0.00042514271405131194,0.0034474191599116254,0.5724673388720954,6.050873246417119,7.002255705614072,7,48520199
-0.001584658951040231,0.2421907241820081,-0.0009801940746478933,0.0004934412224801192,0.1372711553574309,-0.0014560047502701365,-8.598132713890038e-05,-0.0005025227287090572,0.004076405527526695,0.5718813179810455,6.050873246417119,7.002176928855804,7,48521257
-0.00238518995186847,0.24428762268237952,-0.00035452002180449385,0.0004067496994476678,0.1437336628544452,0.0026818421547295627,-0.00017421167456360527,-3.198000404478816e-05,-0.01726055215348946,0.5921902062773481,6.050873246417119,7.0139668762796985,7,48521365
-0.0016209554670588505,0.23432668633104814,-0.00038693696849978346,-0.0005124244057469643,0.13672661676724865,-0.002066670230633543,-0.00038251675334216215,-0.00023054387562831995,0.028669221341556958,0.5602906861351953,6.050873246417119,7.005686409291259,7,48522101
-0.002210472829875473,-0.21207743239815244,-0.0016873925876230169,0.0005754091893902147,-0.07640490447852,-0.0016698458730086366,0.00012368244764878313,-0.00022269839069289382,-0.002076934170851954,0.24550613196715074,6.050873246417119,6.000728789292584,6,48522186
-0.0014440131226950935,0.24274500403776467,-0.0009735779440790139,0.00048016360727957957,0.13716280118356258,-0.0019221116856131795,-2.9525004478900408e-05,-0.0007015578462008886,0.0038051468385447984,0.5731599581037985,6.050873246417119,7.003155534585002,7,48522899
-0.0030475333077803306,-0.16121468554970156,-0.0016521587830068967,0.001186686837597409,-0.08236724354980185,-0.004371214913865962,-0.0001916045843818684,-2.377331892681095e-05,-0.004544357920099081,-0.7971709173838262,6.050873246417119,4.997476443943327,5,48526536
-0.004151956310762787,-0.1555379167992083,-0.002308991259726497,0.001133815970034707,-0.08300076710822,-0.002018083908336069,7.280842197658014e-05,0.0002689484936098341,-0.026354566659336977,-0.779373602634744,6.050873246417119,4.999602934622405,5,48526768
-0.0007812692568595411,0.2711958375751114,2.6512194002613924e-05,0.0011212559950027536,0.06291499851351508,0.002120829418544653,-0.0003854659091642665,-0.0008476485166247821,0.012296510943431914,0.5700628408502062,6.050873246417119,6.968597648224286,7,48527521
-0.0025651357624577385,-0.21275459960432935,0.006316661572041547,-0.0010002152335891446,-0.07680199011719455,-0.0017120667164943525,9.482108074616254e-06,-0.00022370431489547214,0.00018973264433836843,0.2345571683811984,6.050873246417119,5.996888579373811,6,48528215
-0.0015469436906212358,0.2425899744799695,-0.0010041543442726886,0.00049447590273862,0.13704012469394433,-0.0015487807984315596,-5.66389432478951e-05,-0.00042317896927278125,0.003444621925411675,0.57246363084212,6.050873246417119,7.002326377515457,7,48528958
-0.003890817263044448,-0.1561512464528255,-0.0007026420282640663,-0.0019146609289079684,-0.08161418291113093,-0.005346492247875088,-1.5146309432435308e-05,-0.00033054107018685953,-0.002893005180037592,-0.7916664092030925,6.050873246417119,5.006348102822322,5,48529055
-0.003102308153402915,-0.15718645874117482,0.0052271873660265636,-0.001971250795801268,-0.08505928375904652,-0.005449057318536437,-0.00014900571715796394,-0.0004371000802299285,-0.008003409371891253,-0.7886684646930625,6.050873246417119,5.006074095152841,5,48530037
0.002496408463888389,0.23309542277502784,0.004549361679259362,-0.002402326298163627,0.13694175360641753,0.000993248175299223,1.3020473240950102e-05,-0.0002445430393571294,0.005072812406735868,0.5598153220806461,6.050873246417119,6.991203726740113,7,48530922
-0.00387680248271988,-0.16106840038344247,-0.001724163712523803,0.0011340948831498777,-0.08297015688184362,-0.004262276908763448,-7.560168970826363e-05,-4.124690954142005e-05,-0.0008639495001904874,-0.7935457224915714,6.050873246417119,5.003579020339965,5,48532530
-0.0026483907856539425,-0.21201383359737827,-0.0018058348230545957,0.0006612522450371249,-0.0768960693585055,-0.0020528961896501842,7.734925572357575e-05,-0.00015715790224938886,-0.0032919255335066237,0.24355484901097119,6.050873246417119,5.996300588738852,6,48533083
-0.0042487147702043124,-0.15572975670085168,-0.0022125915954095497,0.0011206471627037747,-0.08230076653708329,-0.0038231658645351374,-4.1497899666299e-06,0.00020303761039707922,-0.026859857194692093,-0.7797277802989646,6.050873246417119,4.9972901484385135,5,48533129
-0.0015173239423412015,0.24277768484808135,-0.0009429736722430483,0.00046814432473894904,0.13573363374919947,-0.00016375952174891843,6.582070131869313e-05,-0.0004390870939745945,0.0032390287251672038,0.5692846713266695,6.050873246417119,6.999379085861984,7,48536628
0.011562713495561499,-0.15859525201622612,-0.0017806806133987146,-0.0019743525695878534,-0.08352848439279971,-0.005804858732790097,-5.807768638151479e-05,-0.0003457146196248446,-0.008789149316263385,-0.8019485052105525,6.050873246417119,4.9996108847550556,5,48537389
-0.004151956310762787,-0.1555379167992083,-0.002308991259726497,0.001133815970034707,-0.08300076710822,-0.002018083908336069,7.280842197658014e-05,0.0002689484936098341,-0.026354566659336977,-0.779373602634744,6.050873246417119,4.999602934622405,5,48538590
-0.002934539723648579,-0.16087716158394957,-0.0016736198275525919,0.001227237344232265,-0.0833222695328438,-0.0034526011694294124,-0.00012325908696659722,-0.00011224704011329184,-0.005189151727954378,-0.795888815634886,6.050873246417119,4.998526818434008,5,48538845
-0.0022028288056854073,-0.21199354959473193,-0.001667831021663774,0.0005851954505738919,-0.07643977761045812,-0.001578552914074988,6.817658031680688e-05,-0.0001564716296219845,-0.002006493312357153,0.2455361469251474,6.050873246417119,6.001017260484564,6,48539035
-0.001723871044442577,0.23874544612828238,0.003802911397937171,-0.0009173809817751281,0.1392476807857191,-0.0011137690454612807,0.00010210324543232833,-0.0005034533162615592,0.0052491174383559975,0.5696545950749122,6.050873246417119,7.003416626099819,7,48540006
-0.0020027581382986667,-0.21056960816545855,-0.0016080377817077299,-0.000809472527159453,-0.07634344975603992,-0.0016639594535183663,-4.3728256172868006e-05,-0.0001472667312890704,-0.0021209192383965817,0.24616673511137607,6.050873246417119,6.001730781480453,6,48542234
