Location,Urgent,High,Verified,Frequent,What type of organisation is this for?,Do you already have a logo?,How many logo designs are you looking for?,How soon would you like the project to begin?,When do you need this service completed??,Can we help with any other business needs?,Do you want someone local?,base_value,predicted_value,Credits,Lead Id
0.0,-0.004833552586055134,0.0,-0.002284924197815108,-0.0028289687746158912,-1.362580595793115,-0.10614167236109912,-0.02161079515854255,-0.0164000320227679,-0.08148867219184106,0.002291880329537228,0.0,9.613825353214573,8.01794802045826,8,47571477
0.0,-0.0005421881080295808,0.0,-0.00013984539313797827,0.0005592465079305168,0.3198758314973208,0.024538949381436186,0.016872100381374558,0.0036833577966013755,0.016332379961349106,0.00039246108494945023,0.0,9.613825353214573,9.995397646324367,10,47565520
0.0,-0.0005408741418799219,0.0,-0.00013984539313797827,0.0005395628509979348,0.32593398396190476,0.024070995976320043,0.01684388279793445,0.0011644787902069485,0.015775317938697523,3.723305890312467e-05,0.0,9.613825353214573,9.99751008905452,10,47564263
0.0,-0.0005317149157018787,0.0,-0.0001850256260377204,0.0005763518777094236,0.32694768260335905,0.025514793324680617,0.015165678262381917,0.0012186687116126514,0.014004782757072278,-0.00011465502956129046,0.0,9.613825353214573,9.996421915180088,10,47562843
0.0,-0.00026806861141730025,0.0,-0.00013984539313797827,0.0005716370717733461,0.3253254336359099,0.02412338493083937,0.018326867805626906,0.0013608785015582425,0.01936470256248573,0.0007186116096938008,0.0,9.613825353214573,10.003208955327905,10,47561595
0.0,-0.00014783297910167775,0.0,-0.0001850256260377204,0.0007772391235609139,0.3205791706284537,0.02386124486177301,0.013725615989650608,0.0012316067366612818,0.02012502040833766,2.0779537475874576e-05,0.0,9.613825353214573,9.993813171895347,10,47558840
0.0,-0.0016415715528025157,0.0,0.0033998899823142123,0.00039155597078560287,0.32134499681023043,0.025621336846341353,0.013758244116046328,0.0043681201122959725,0.016312975341566716,0.0008028153408237833,0.0,9.613825353214573,9.998183716182176,10,47552318
0.0,-0.0008455965623579886,0.0,-0.00013984539313797827,0.0007210281388040379,0.3292104425465941,0.02499010251367765,0.017650504259286295,0.0007847396266246304,0.015186499300683675,0.0007172019573193731,0.0,9.613825353214573,10.002100429602066,10,47549551
0.0,-0.0014835274352960341,0.0,-0.0003497297528318101,0.0007046630808645928,0.33339127840568356,0.02461441543886204,0.01376612273296732,0.0015918277540336132,0.01730041216228708,0.0005441255746734363,0.0,9.613825353214573,10.003904941175817,10,47546603
0.0,0.0025582299714742153,0.0,0.0033039451206906697,0.0004718019389284295,0.3254950307990697,0.024074320072798285,0.013979346751270662,0.0012382523579730622,0.013933701719803827,-1.5693263696242163e-05,0.0,9.613825353214573,9.998864288682887,10,47539964
0.0,-0.0004090225117379058,0.0,-0.00043972398459564616,0.0007810459863931493,0.3313377672947661,0.027578465994376064,0.015373237511249319,0.0005097610741970703,0.012458192384359933,0.0003451845452564506,0.0,9.613825353214573,10.001360261508838,10,47536422
0.0,-0.0006461397387927997,0.0,-0.0004327925408614616,0.0005215817304321873,0.32418736564237,0.027518680250608444,0.012262383287170307,0.0025128750111909595,0.01647655552645172,0.00038410179639221235,0.0,9.613825353214573,9.996609964179534,10,47531857
0.0,-0.0011379337518493922,0.0,-0.0003770406596344843,0.0006052836446194281,0.32966467930320204,0.030162330424007844,0.01045758614956946,0.0013178122424202302,0.016251929463738164,0.0008260052029460856,0.0,9.613825353214573,10.001596005233594,10,47529291
0.0,0.00784461921968831,0.0,-0.0023286180181779897,-0.003163816394698326,-1.3743465981131233,-0.10638589966180632,-0.016603629835763224,-0.013109164750245181,-0.08361220752778266,0.001926431343014801,0.0,9.613825353214573,8.024046469475682,8,47528286
0.0,-0.0013585406141903263,0.0,-0.0003497297528318101,0.0006464034012582005,0.334740894718435,0.025443741589868483,0.014407236316330795,0.001956491743819026,0.016790094558427296,0.0005387971235438352,0.0,9.613825353214573,10.006640742299235,10,47526921
0.0,0.009417000938407773,0.0,-0.002254493554938239,0.006785609733307876,-1.3582397441044827,-0.0984377221499749,-0.011824662909223958,0.004899792575666726,-0.08000857376937358,-0.0006420254636494565,0.0,9.613825353214573,8.083520534510315,8,47510552
0.0,0.001677169192798021,0.0,-0.0003497297528318101,-0.0023313535030624584,0.32982003076942334,0.024686283941581462,0.014545562765951219,0.0009930309973536818,0.01632399645977548,0.0007780858342510553,0.0,9.613825353214573,9.999968429919813,10,47504252
0.0,-0.0014655494472235232,0.0,-0.0004379595182977421,-0.0019814510609713334,0.3393033725068194,0.02730416072147292,0.0025343467803746393,0.0007359514562247253,0.016953045645161115,0.000582653540401373,0.0,9.613825353214573,9.997353923838535,10,47501384
0.0,-0.0007458887023253062,0.0,-0.00013984539313797827,0.0007210281388040379,0.328625970426426,0.025170189888707194,0.017591789963144908,0.0008206043527512256,0.015265646090727567,0.0001593362812597686,0.0,9.613825353214573,10.00129418426093,10,47500832
0.0,0.001848392795639042,0.0,-0.000844713498028702,-0.00046618740494547083,0.30084584471342574,0.01224158098914804,0.024089590979705505,-0.0013550501975415593,0.02199286557039973,0.0009330261830621346,0.0,9.613825353214573,9.973110703345437,10,47500160
0.0,-0.0006418959680622632,0.0,-0.00013984539313797827,0.0005457367460837689,0.32042425496649246,0.024389793798348828,0.017275375306905417,0.004135011512295579,0.016094345909588862,0.0007835700605290616,0.0,9.613825353214573,9.996691700153617,10,47493952
0.0,-0.0046335614096336426,0.0,0.021636614847357287,0.005580887971059904,-1.3461210638421626,-0.0996052206590339,-0.009438611320100019,-0.01413367159508609,-0.07091600973050396,0.001275186425618335,0.0,9.613825353214573,8.09746990390209,8,47493749
0.0,0.0011858794946671574,0.0,-0.00038797854199736765,-0.002259361572461943,0.3296327207967953,0.025455428626550976,0.012871063041346534,0.002121575856045675,0.017516890681397834,-1.0675863427437065e-05,0.0,9.613825353214573,9.99995089573349,10,47488668
0.0,0.0013475401692496093,0.0,-0.00028756435612889273,0.0007248901107992264,0.3211129454333668,0.022767182178273948,0.013573423280658697,-0.011958485370981356,0.020558590451009395,0.0004867947855469065,0.0,9.613825353214573,9.982150669896368,10,47487191
0.0,-0.0013402181561004464,0.0,-0.0004379595182977421,0.0002937732659204058,0.3409225664247571,0.027990564704211643,0.0023296844526470625,0.0012344915236735673,0.016646508149341935,0.00020391996919036427,0.0,9.613825353214573,10.001668684029918,10,47484137
0.0,-0.0005956154922104441,0.0,-0.00040537391842091234,0.0006615373710206219,0.322744080518571,0.02547575686026705,0.013088335922719881,-0.009667888026100932,0.01857084663741629,-3.9949415698880497e-05,0.0,9.613825353214573,9.983657083672137,10,47477316
0.0,-0.0044319654008248945,0.0,-0.0021882980586285343,0.008262243665191514,-1.3517299720944915,-0.09734896329402344,-0.01736814132099385,-0.004508674325478584,-0.07824771672479203,0.001033504619215789,0.0,9.613825353214573,8.067297370279748,8,47476037
0.0,-0.005551981644272458,0.0,-0.002233391129075021,0.004639389139438693,-1.3499465725238766,-0.07345805116624299,-0.020319996785349924,-0.01005971689646491,-0.046380309424909845,0.0009907834537387441,0.0,9.613825353214573,8.111505506237558,8,47472212
0.0,-0.0008456499054804147,0.0,-0.00014677683687216284,0.0006354361602503965,0.32700604741106803,0.02483601857538059,0.01921983339126197,0.0015778869434572844,0.01619807589913912,0.0007824905573438392,0.0,9.613825353214573,10.003088715410122,10,47470024
0.0,-0.0007222047895399058,0.0,-0.00014677683687216284,0.0006354361602503965,0.32545680620862655,0.02406923474021044,0.018822217091069484,0.0020355978436587285,0.017226900452954514,0.00015756687104903573,0.0,9.613825353214573,10.00136013095598,10,47469376
0.0,-0.0007316312959998809,0.0,-0.0004849042174953883,0.0008950866270293127,0.33028168046666473,0.027425744182976115,0.01143648290651507,0.002022360720178055,0.017566804576242493,-0.0007428795548198185,0.0,9.613825353214573,10.001494097625864,10,47468913
0.0,0.00045271324670657264,0.0,-0.0004327925408614616,0.0005634544703621168,0.3271095149857286,0.02645933873696379,0.011387902865542872,0.001279969456969719,0.016537799835361296,0.0008124934056608639,0.0,9.613825353214573,9.997995747677008,10,47467297
0.0,-0.0004567373571190853,0.0,-0.00014677683687216284,0.0009150456110869313,0.3226278533115433,0.02372668226013667,0.018377470724395786,0.0005986226337771714,0.017055774249948263,0.00024238062922421526,0.0,9.613825353214573,9.996765668440695,10,47465121
0.0,-0.0007832905125535651,0.0,-0.00013984539313797827,-0.002704889351162667,0.32646912014685064,0.023946164698967858,0.015706898061944547,-0.00015631125132403506,0.014627861415939563,0.0008343542040173084,0.0,9.613825353214573,9.991625415234115,10,47463941
0.0,-0.004871826391385425,0.0,-0.002284924197815108,-0.0009906715035863684,-1.3644963700954693,-0.10347381914597578,-0.016850510161275513,0.0026767964132096006,-0.07545115093245959,0.0020688838707886873,0.0,9.613825353214573,8.050151761070607,8,47462178
0.0,0.002285133816257773,0.0,-0.0003427983090976255,0.0003988397218565686,0.3233661772140956,0.025324384478143565,0.014236133190344835,0.00392116890524791,0.015742117867536456,0.0009059789586703382,0.0,9.613825353214573,9.999662489057629,10,47461344
0.0,-0.004520269884495809,0.0,-0.002284924197815108,-0.0010866695296772695,-1.3646052172212888,-0.10325573544967653,-0.017579659218418513,-0.010239454533701862,-0.0786056077915128,0.0023667085643609993,0.0,9.613825353214573,8.034014523952347,8,47460522
0.0,-0.004152157912866317,0.0,-0.0022681673844903833,-0.002490613384065485,-1.3557861297512799,-0.09643782235536416,-0.016728353344668836,-0.009777356103199396,-0.06595036719721838,0.0028486233381340973,0.0,9.613825353214573,8.063083009119556,8,47460480
0.0,0.002285133816257773,0.0,-0.0003427983090976255,0.0003988397218565686,0.3233661772140956,0.025324384478143565,0.014236133190344835,0.00392116890524791,0.015742117867536456,0.0009059789586703382,0.0,9.613825353214573,9.999662489057629,10,47459076
0.0,-0.0005421881080295808,0.0,-0.00013984539313797827,0.0005457367460837689,0.3198156214438098,0.02459006284522785,0.017319376377483337,0.004141476603458306,0.01627302837952422,0.00022743062366221297,0.0,9.613825353214573,9.996056052732655,10,47457468
0.0,-0.0003903268422107843,0.0,-0.0003458690888509821,-0.0006923489680432835,0.31976442420632994,0.025545150193614023,0.01331547771698316,0.0071595764720588555,0.017168194234473536,0.0021595149452423882,0.0,9.613825353214573,9.99750914608417,10,47457377
0.0,0.0006157032332569497,0.0,-0.0002906351358822493,0.00037833639797100793,0.32804876465745386,0.028421796856572153,0.008420996926140852,-0.0016374568517868566,0.014534282308297683,0.0008650047151162039,0.0,9.613825353214573,9.993182146321713,10,47456042
0.0,0.006094252099286106,0.0,-0.002207583723144761,-0.002275382114684964,-1.330644810592806,-0.08365841015059172,-0.018434058040686423,0.042174891934350055,-0.045299183608363346,-0.00032157693496748094,0.0,9.613825353214573,8.179253492082964,8,47452998
0.0,-0.00033613812206771085,0.0,-0.00043972398459564616,0.0008271394397179785,0.3284180779628467,0.027343830598445442,0.012885021416993358,0.0015192111027056568,0.01704146516129523,0.00013515281228214214,0.0,9.613825353214573,10.001219389602197,10,47452582
0.0,0.0004902273774556138,0.0,-0.00013984539313797827,0.0005633373812324585,0.31856867745367295,0.024101408368760176,0.014395524664382656,0.003967217335021895,0.01517045912191004,0.0007925420272552915,0.0,9.613825353214573,9.991734901551126,10,47451071
0.0,0.007037187792353709,0.0,-0.0021882980586285343,-0.002089907372882976,-1.3562577374029774,-0.09888057781504916,-0.01690512222239205,-0.013884761121748022,-0.0503544338106248,0.0014758609391157765,0.0,9.613825353214573,8.08177756414174,8,47447471
0.0,-0.00020039800023805422,0.0,-0.00014677683687216284,0.0006986082564969005,0.32847428656037675,0.02549412451324983,0.01680896228390287,0.0017176477628229939,0.014615142290361325,0.00010776694623998968,0.0,9.613825353214573,10.001394716990914,10,47445293
0.0,-0.004444007686573441,0.0,-0.0022311976176938187,-0.002224168720615609,-1.3333958368838932,-0.09530207117816862,-0.017419502525583865,-0.012432827212365294,-0.07539875554378397,0.0004767227703702403,0.0,9.613825353214573,8.071453708616266,8,47445272
0.0,0.008718321299497608,0.0,-0.0022900156138921865,0.0024934403630932802,-1.3271046204742791,-0.09822770802688824,-0.023858226023093,0.0018630221075059037,-0.07109656232662981,0.0026573314885821,0.0,9.613825353214573,8.106980336008471,8,47444519
0.0,0.0007047440094745963,0.0,-0.00013984539313797827,-0.0029234572860919075,0.32658260528414623,0.02409151671548789,0.013337210565991393,-0.0014093132780092792,0.013127304519085871,0.0006996632821151312,0.0,9.613825353214573,9.987895781633636,10,47442569
0.0,0.0010259029547282697,0.0,-7.815216598383759e-05,-0.002774607002697098,0.33053333409302627,-0.01487583913888695,0.018386927815466962,-0.006581075507398464,0.01858353737182365,-0.00018988578299327486,0.0,9.613825353214573,9.957855495851659,10,47438528
0.0,-0.0028551171384573683,0.0,-0.0021631524218016416,-0.002715173670456958,-1.3324808467792628,-0.08583734014436004,-0.02034228570347635,-0.009989471272411331,-0.057038172246153415,0.0021672341499524893,0.0,9.613825353214573,8.102571027988146,8,47436432
0.0,0.008535680537152536,0.0,-0.002284924197815108,-0.0026926252010777215,-1.359667029293591,-0.10576012441698808,-0.01977972920690785,-0.01328207216158017,-0.07826588610573647,0.0021715721056426427,0.0,9.613825353214573,8.042800215273672,8,47426791
0.0,-0.0032480828745696157,0.0,-0.0021430749938218334,-0.002715173670456958,-1.3571602142439263,-0.09097472345198994,-0.02093235731090609,-0.010942149445546445,-0.05667234400875259,0.0021732668085932758,0.0,9.613825353214573,8.071210500023199,8,47426767
0.0,-0.00187473558458296,0.0,-0.0003427983090976255,0.00047728771994173596,0.3355266694128248,0.026329623643090966,0.014268810468681968,0.00041032873423673706,0.015044861252502796,0.0007021849229815319,0.0,9.613825353214573,10.004367585475153,10,47425516
0.0,9.429244680318383e-05,0.0,-0.00015264360918823425,-0.0026337248517898136,0.3221623056061353,0.023628002605950875,0.014546015345864647,0.00019749783228624734,0.016019140731240833,0.0005785377221884825,0.0,9.613825353214573,9.988264777044066,10,47423964
0.0,-0.0008790825458291228,0.0,0.0037579616555340678,0.000653666345803043,0.3200936661286172,0.03075022248820544,0.003366583984057753,-0.0053576300311377265,0.018149888065140025,1.1487017371556117e-05,0.0,9.613825353214573,9.984372116322335,10,47419302
0.0,-0.000213751850740926,0.0,0.0011285041411768356,-0.0019752618473448703,0.31068994363653507,0.02157861244013854,0.013208025216926376,-0.011554408199778146,0.01928125333869834,-7.977336847786982e-06,0.0,9.613825353214573,9.965960292753337,10,47417524
0.0,-0.0006418959680622632,0.0,-0.00013984539313797827,0.0005457367460837689,0.32042425496649246,0.024389793798348828,0.017275375306905417,0.004135011512295579,0.016094345909588862,0.0007835700605290616,0.0,9.613825353214573,9.996691700153617,10,47417470
0.0,-0.0016415715528025157,0.0,-0.0003427983090976255,0.00039155597078560287,0.32688978101248695,0.025815441971239035,0.0141688839609467,0.004118368557392026,0.016187219195295355,0.0008920470191582586,0.0,9.613825353214573,10.000304281039977,10,47412259
0.0,0.009456161771478648,0.0,-0.0022839582794578093,-0.0015289535489711227,-1.344267991906659,-0.08507705373015152,-0.03584843412835874,0.03980875168072517,-0.04770221454700651,0.0033312924473467872,0.0,9.613825353214573,8.149712952973521,8,47410979
0.0,-0.0016107892629147991,0.0,0.0033998899823142123,-0.0019300687665542002,0.32108587539114647,0.025340792672612855,0.01419993766580365,0.004262933050795188,0.015540619527667006,0.0009757376185037347,0.0,9.613825353214573,9.995090281093947,10,47408287
0.0,-0.0005036193141329836,0.0,-0.00013984539313797827,-0.0021209986140636812,0.3197405878674871,0.024898725064911004,0.01651872189581973,0.003960631722132332,0.01658017317334309,0.0003830795248546419,0.0,9.613825353214573,9.993142809141787,10,47407089
0.0,-0.00039475642143349245,0.0,0.0030339266444251484,-0.001034694721068343,0.31600450383018036,0.03036988299011147,0.007598296665739296,-0.0008863927852347109,0.02025788793651021,0.0005558745010944093,0.0,9.613825353214573,9.989329881854898,10,47404737
0.0,-0.0012137903762445281,0.0,0.004371228105610361,0.0005793616865908903,0.32185029175461216,0.028094026361899328,0.0031615987919790802,0.0021518542336522966,0.02010753171250081,-8.22082740551918e-07,0.0,9.613825353214573,9.992926633402433,10,47404329
0.0,-0.0005873469771253193,0.0,0.004267816997691715,0.0007098430279230892,0.32014462385161796,0.02943303155778813,0.014778502321743216,0.00020738560700667578,0.012259739475742147,0.00021842800549512609,0.0,9.613825353214573,9.995257377082456,10,47404188
0.0,0.00813449019932817,0.0,-0.0022681673844903833,-0.0027568729843264516,-1.3642685905576228,-0.1025257215604243,-0.021051574576762263,-0.016689232942700433,-0.06946096384163426,0.002554691492844293,0.0,9.613825353214573,8.045493411058784,8,47404142
0.0,-0.005951658034087636,0.0,-0.002287573266365928,-0.0029836595425351184,-1.3765232966811103,-0.10965531206013372,-0.039160330105830254,-0.014726315045720667,-0.08540690965851244,0.0026057625996699727,0.0,9.613825353214573,7.979736061419949,8,47403365
0.0,0.0004906720809959038,0.0,-0.00014677683687216284,0.0006427199113213622,0.3241467530220244,0.023794601448986808,0.01562788189118586,0.0022296802166246765,0.01745713025351806,0.0007833013712048697,0.0,9.613825353214573,9.998851316573562,10,47402801
0.0,0.0007179402106928731,0.0,-8.475341301742226e-05,0.0007302504198659296,0.3265565782064072,0.02457916476897513,0.015081188715043995,0.0004674075419421562,0.013723228106950229,0.0007415118943804856,0.0,9.613825353214573,9.996337869665814,10,47401980
0.0,-0.0006262894644160995,0.0,0.0013142961206904758,-0.002015801557616643,0.32240433319658474,0.025063668626463653,0.013849044128675934,0.0002730856980399084,0.01575239560713436,0.00023668235199991765,0.0,9.613825353214573,9.99007676792213,10,47388979
0.0,-0.0011443803695347433,0.0,-0.0004379595182977421,-0.0022578431396006694,0.33492089731658936,0.027036052877683903,0.001866902178062982,0.0021800414143202432,0.0217271198588595,0.0001668885402766507,0.0,9.613825353214573,9.997883072372932,10,47388574
0.0,-0.0008187766477665281,0.0,-0.0004779727737612038,0.0006615373710206219,0.33108664113724,0.02782900698711612,0.013614356205192737,0.0017290663808044557,0.017306883717403153,-1.3310931155124318e-05,0.0,9.613825353214573,10.004742784660667,10,47382672
0.0,-0.0016371268211157332,0.0,-0.0003328865618768117,0.0006828255932198162,0.3347369642258229,0.02480828975392913,0.014762662108325244,0.001372889728672886,0.01582025412427152,-5.015498340635513e-05,0.0,9.613825353214573,10.003989070382417,10,47379791
0.0,-0.008963260903108866,0.0,-0.0020188648357306535,-0.003716284252432609,-1.1408235873391328,-0.05320312824341963,-0.011680841270348644,-0.016704002140530607,-0.055194792594055075,0.0029771982539512735,0.0,9.613825353214573,8.324497789889765,8,47370673
0.0,-0.0006418959680622632,0.0,-0.00013984539313797827,0.0005457367460837689,0.32042425496649246,0.024389793798348828,0.017275375306905417,0.004135011512295579,0.016094345909588862,0.0007835700605290616,0.0,9.613825353214573,9.996691700153617,10,47368533
0.0,-0.004433632382985037,0.0,-0.0020104430287140613,0.005691503036591659,-1.3549024029304246,-0.09051337492059144,-0.0074499549151676794,-0.009157266365300572,-0.06934307924853299,0.001349250832674624,0.0,9.613825353214573,8.083055953292122,8,47368057
0.0,-0.00027741149003267354,0.0,-0.0001850256260377204,0.0006635980032174252,0.3249486279195529,0.024326133290405123,0.014439983663214442,0.0010601663687661656,0.019447657878730845,-3.632417598762773e-05,0.0,9.613825353214573,9.998212759046403,10,47367206
0.0,-0.0014854579717917223,0.0,-0.0003427983090976255,0.00037200768926527413,0.32608357804740745,0.026062696494431457,0.014286414237172348,0.003921665069421916,0.015479180257761713,0.0007467330224812642,0.0,9.613825353214573,9.998949371751625,10,47365274
0.0,-0.004440586849942887,0.0,-0.0022900156138921865,-0.00273297074852499,-1.3303860615698506,-0.09938205841023791,-0.02120955357894339,-0.015271615625164004,-0.07565756827352857,0.0021962881793048464,0.0,9.613825353214573,8.064651210723794,8,47360263
0.0,0.0005411668589957862,0.0,-0.0004327925408614616,0.0005903178368043081,0.3281011642124876,0.027204105021807253,0.012195006735852899,0.0012779081414534261,0.015462669985834118,0.0007999833205397549,0.0,9.613825353214573,9.999564882787487,10,47360171
0.0,-0.0010579860867517298,0.0,-0.0003427983090976255,0.0006576408773773089,0.3333913189561567,0.025917431796649383,0.014701120212411448,0.001515080386358293,0.016961691415017896,0.0007249037434726943,0.0,9.613825353214573,10.006293756206167,10,47360075
0.0,-0.00013575138806276604,0.0,-0.0004779727737612038,-0.002507230859304139,0.3257498607064693,0.026323616710751528,0.010887697610303922,0.001152327538544378,0.01690926846571978,1.809484245082692e-05,0.0,9.613825353214573,9.991745264067685,10,47359155
0.0,0.0005420083647943102,0.0,0.0013089457759892739,-0.0022933000121322066,0.32101737718405404,0.0239304966836955,0.014370345672405084,0.0016724678818522882,0.016783756814326024,0.0006544103837762896,0.0,9.613825353214573,9.991811861963333,10,47357931
0.0,0.0004906720809959038,0.0,-0.00014677683687216284,0.0006427199113213622,0.3241467530220244,0.023794601448986808,0.01562788189118586,0.0022296802166246765,0.01745713025351806,0.0007833013712048697,0.0,9.613825353214573,9.998851316573562,10,47356794
0.0,-0.0005564452171517676,0.0,-0.00014677683687216284,0.000736134001730217,0.32327532400894377,0.02352483400160262,0.018409589698000245,0.0008351134935605492,0.016394668068781766,0.0006313546925534484,0.0,9.613825353214573,9.996929149125721,10,47356790
0.0,0.005453807876114203,0.0,0.020983786211652637,-0.0019338623955398842,-1.3287917728336025,-0.09358308449926793,-0.01589234412873125,-0.011871621706357735,-0.06050331731732495,0.002287361985034308,0.0,9.613825353214573,8.12997430640655,8,47354381
0.0,-0.0005719208572364393,0.0,-0.0004327925408614616,0.0005432274404274832,0.3298806416347917,0.028589394846791603,0.013145224794780332,0.0005227704553838348,0.016353122299678263,0.00017096143128519093,0.0,9.613825353214573,10.002025982719614,10,47352183
0.0,-0.0003777626798307138,0.0,-0.00013984539313797827,0.0006723349132531667,0.3217918442888974,0.02412016281988384,0.017565638810347884,0.00034016496556931277,0.01854976453846255,0.0007021378087726193,0.0,9.613825353214573,9.997049793286791,10,47351809
0.0,-0.00014783297910167775,0.0,-0.00013984539313797827,0.0006796186643241324,0.32075311865856676,0.023576789151017696,0.014963775370788964,-4.674027532094004e-05,0.018148874313470034,0.0007111097754988493,0.0,9.613825353214573,9.992324220500679,10,47344010
0.0,-0.00859920965729978,0.0,-0.0021663494793612097,-0.0024274213791128886,-1.1118673447193643,-0.01491717138940096,0.010058001971293461,-0.004278048299474284,-0.06995150557733057,-0.0006107977821190797,0.0,9.613825353214573,8.409065506902403,8,47343561
0.0,3.342189952667286e-05,0.0,-0.00027141924372726603,0.0003971820976704687,0.3248383372049072,0.032410782792160246,0.008395003012716281,-0.00231427605040195,0.01928953127436923,0.0009566705657092072,0.0,9.613825353214573,9.997560586767504,10,47336748
0.0,-0.0011273842213402948,0.0,-0.0003427983090976255,0.0007046630808645928,0.33116682527866825,0.025043864114280324,0.014520820332565064,0.0016615751378418284,0.020648911873593197,0.0005151517557473559,0.0,9.613825353214573,10.006616982257697,10,47334853
0.0,0.018739666212416007,0.0,-0.0019422009644761437,-0.0008995437986730907,0.21450492852999362,0.006540339701973499,0.05797510956247978,-0.0038225929630025524,-0.003883253609949491,-4.588477634085172e-06,0.0,9.613825353214573,9.9010332174077,10,47334539
0.0,-0.004728414493593632,0.0,-0.002210799734575357,0.007894992762606204,-1.3550301924265842,-0.10148598209703472,-0.018853040715986327,-0.0095166854935668,-0.08007077609388262,-0.00024104128539456426,0.0,9.613825353214573,8.049583413636562,8,47332143
0.0,-0.0005719208572364393,0.0,-0.0004327925408614616,0.0005432274404274832,0.3298806416347917,0.028589394846791603,0.013145224794780332,0.0005227704553838348,0.016353122299678263,0.00017096143128519093,0.0,9.613825353214573,10.002025982719614,10,47326878
0.0,-0.00029314475002384935,0.0,0.004273167342392917,0.0008368269474229204,0.31825918089183336,0.026848870658049574,0.014354269724809143,0.002935829162805293,0.020602665426300272,3.727943249439778e-07,0.0,9.613825353214573,10.001643391412488,10,47320483
0.0,0.002425809232780521,0.0,-0.00027141924372726603,0.00043007409422241504,0.3138312455396727,0.031656495745874334,0.015222765045375067,0.006264314801013877,0.01865297991290278,0.0008967774048697139,0.0,9.613825353214573,10.002934395747557,10,47315793
0.0,-0.0044259141641482804,0.0,-0.0022681673844903833,-0.002490613384065485,-1.360775572306341,-0.10146707355882255,-0.017963565950935654,-0.017475648740175428,-0.06780212710463616,0.0025652451850972386,0.0,9.613825353214573,8.041721915806056,8,47313809
0.0,-0.0007458887023253062,0.0,-0.00013984539313797827,0.0007401453127535398,0.3292148197766677,0.025286018516277067,0.017350900131085055,-9.294966332323776e-05,0.013935788226561547,0.00019007374757454615,0.0,9.613825353214573,9.999564415166706,10,47311549
0.0,-0.0003612704379623584,0.0,-0.00013984539313797827,-0.001737381408030649,0.3231960633805174,0.024515757121647667,0.01735340221507044,0.0019292742079346952,0.020313986025389537,0.0006899241657837688,0.0,9.613825353214573,9.999585263091786,10,47310966
0.0,-0.00041226890820889587,0.0,-8.475341301742226e-05,0.0008323369777355417,0.31967413144674395,0.024806824850638037,0.018189996027584247,0.00036102396071187814,0.019955642619836338,0.0003952167828770182,0.0,9.613825353214573,9.997543503559474,10,47310378
0.0,0.0005609118203469154,0.0,-0.00014677683687216284,0.0006427199113213622,0.32559079342146563,0.02442476445255918,0.01641220904529947,0.0016284110638645436,0.016213483232546604,0.0007914625240700693,0.0,9.613825353214573,9.999943331849174,10,47305030
0.0,-0.004871826391385425,0.0,-0.002284924197815108,-0.0009906715035863684,-1.3644963700954693,-0.10347381914597578,-0.016850510161275513,0.0026767964132096006,-0.07545115093245959,0.0020688838707886873,0.0,9.613825353214573,8.050151761070607,8,47304229
0.0,-0.0006114222198120058,0.0,-0.0004327925408614616,-0.0025176080915752324,0.32926576821175774,0.028936387310332115,0.011955012099569427,2.1757081296201052e-05,0.01611330657984011,0.00027392981956377764,0.0,9.613825353214573,9.996829691464685,10,47301082
0.0,-0.0035401013252033416,0.0,-0.002252958350950391,-0.002462866959989248,-1.349278213181196,-0.09955284171760871,-0.006170755620045855,-0.017548360432967047,-0.08133098674898499,0.0018531844414627508,0.0,9.613825353214573,8.053541453319093,8,47298540
0.0,0.0002350290660612667,0.0,-0.0003777005607409056,0.0005457424245979816,0.33090054712169403,0.02585276054747574,0.010124432028655171,0.00027377197167813587,0.01580557944357257,-6.385617428058331e-06,0.0,9.613825353214573,9.99717912964014,10,47298196
0.0,-0.0007198750983135683,0.0,-0.0003777005607409056,0.00048570874935748877,0.33397360949000654,0.026137576877425052,0.012501745570988907,0.00085242792110895,0.016411090098077518,0.0008077817105150692,0.0,9.613825353214573,10.003897717972999,10,47297892
0.0,0.0004902273774556138,0.0,-0.0001850256260377204,0.000648014561605572,0.31912837271350525,0.02467926312689676,0.013044219488840122,0.0036982434931553906,0.01562855733061217,-8.184433124655239e-05,0.0,9.613825353214573,9.99087538134936,10,47297209
0.0,-0.0005036193141329836,0.0,-0.00013984539313797827,-0.0021209986140636812,0.31963657278414864,0.024885684947671557,0.016493695554812945,0.00392543876113534,0.01659313776201302,0.00027365754769847215,0.0,9.613825353214573,9.992869077250718,10,47290903
0.0,-0.0004130687904153526,0.0,-0.0003777005607409056,0.0008082298948436391,0.3265613879938698,0.026318230205877896,0.011418350434336734,0.0009751465021841457,0.021102318955782982,0.00010467603078943812,0.0,9.613825353214573,10.000322923881102,10,47289315
0.0,-0.0006824090303476552,0.0,-0.0003770406596344843,0.00039431967163054867,0.31536211443305556,0.030453410924426712,0.009890708941064077,0.0064901640782979095,0.019299485665301652,0.0009306967243405079,0.0,9.613825353214573,9.99558680396271,10,47289248
0.0,0.002585422722555124,0.0,-0.0003427983090976255,0.00048457147101270165,0.33141314590008025,0.025744377750254465,0.014581596550423242,0.0005432704064539166,0.014455164755437608,0.0007161168624936115,0.0,9.613825353214573,10.004006221324186,10,47288671
0.0,-0.0037307059867517055,0.0,-0.002049044581126585,-0.0017708894297252444,-1.3358407090115738,-0.08540469607389994,-0.006075533212271988,-0.01142381917985293,-0.06508700993840058,0.0017418134322500795,0.0,9.613825353214573,8.10418475923322,8,47287150
0.0,-0.0003777626798307138,0.0,-0.0001850256260377204,0.0007570120936262803,0.3222026645019779,0.024673032627596996,0.01631192164014297,0.00040959600910094344,0.0190748649458792,-3.863273675928953e-05,0.0,9.613825353214573,9.99665302399027,10,47280749
0.0,0.00047176862544329873,0.0,0.0013089457759892739,-0.0022933000121322066,0.3195733367846128,0.023300333680123127,0.013586018518291477,0.00227373703461242,0.018027403835297478,0.0006462492309110902,0.0,9.613825353214573,9.990719846687721,10,47275692
0.0,-3.10420110072694e-05,0.0,-8.475341301742226e-05,0.0007389228873266868,0.31966852006424445,0.024424159354149485,0.016857565933448344,0.0005240152032632512,0.020205923095566118,0.00022897308345445097,0.0,9.613825353214573,9.996357637412002,10,47274798
0.0,0.0024074533413810176,0.0,-0.00028770632897706953,0.0003413210307865743,0.3227380220369353,0.024887133203763196,0.015127171449866592,0.004875299949396441,0.015479752469449087,0.0007944501925335958,0.0,9.613825353214573,10.000188250559708,10,47271895
0.0,0.0004902273774556138,0.0,-0.00013984539313797827,0.0005633373812324585,0.31856867745367295,0.024101408368760176,0.014395524664382656,0.003967217335021895,0.01517045912191004,0.0007925420272552915,0.0,9.613825353214573,9.991734901551126,10,47270700
0.0,0.0004464244515449453,0.0,0.0037579616555340678,-0.0017204360962862627,0.3048072503108134,0.030272602805676112,0.004787476896323696,0.005995213442227883,0.01857408406554905,-6.346779390185624e-05,0.0,9.613825353214573,9.980682462952055,10,47264385
0.0,0.0017530484246446856,0.0,-0.0004379595182977421,0.0003010570169913715,0.3377243759617509,0.027390522219828746,0.002364438575434999,0.0010150695257815797,0.01673415360535943,8.371967004060812e-05,0.0,9.613825353214573,10.000753778696108,10,47257609
0.0,0.007195196055899022,0.0,-0.002147106649548317,-0.001961647754204333,-1.3425952435317003,-0.08197932845656414,-0.034418640945256686,0.04601324241619431,-0.050007885113045866,0.0030877375797658114,0.0,9.613825353214573,8.157011676816111,8,47255794
0.0,-0.00187473558458296,0.0,-0.0003427983090976255,0.00045817054599223405,0.3349013109260068,0.026213896652550615,0.014172911886036364,0.0007487026501798021,0.016290121828752148,0.0003097115017010994,0.0,9.613825353214573,10.004702645312111,10,47254748
0.0,0.0006125469025788582,0.0,-8.475341301742226e-05,0.0005358418531961586,0.31583083097951203,0.02357371532905755,0.01533570964493221,0.0053388480723776215,0.014886659364686167,0.00075055366417166,0.0,9.613825353214573,9.99060530561207,10,47254338
0.0,0.0005640592952370046,0.0,-0.00033495687467175855,0.0004401047524264651,0.32400994653392484,0.03363135426225821,0.008155879059885542,0.0042485232405399245,0.010935975717056031,-0.00017291203723523185,0.0,9.613825353214573,9.995303327163995,10,47253591
0.0,0.00067489322242277,0.0,-0.00013984539313797827,0.0007179393025963702,0.32627257392768105,0.024147119690868787,0.014175961281083747,0.0006366040807715424,0.014412723751002728,0.0007260819916679621,0.0,9.613825353214573,9.99544940506953,10,47251773
0.0,-0.00417442891772838,0.0,0.02234288564868632,-0.0023887547665279786,-1.3637096056753826,-0.10483946761571473,-0.008648556151805502,-0.009678581430769703,-0.0842787937555679,-0.0005249803982336575,0.0,9.613825353214573,8.057925070151532,8,47245526
0.0,0.0020719117984790494,0.0,-0.00046303740020331023,0.0006071727051911329,0.338911373284226,0.027058545332792224,0.0013152372454488968,0.0012418422463142977,0.018648120604670918,0.00021715926632994779,0.0,9.613825353214573,10.003433678297823,10,47245008
0.0,-0.0014835274352960341,0.0,-0.0003497297528318101,0.0007046630808645928,0.33339127840568356,0.02461441543886204,0.01376612273296732,0.0015918277540336132,0.01730041216228708,0.0005441255746734363,0.0,9.613825353214573,10.003904941175817,10,47239225
0.0,0.0004902273774556138,0.0,-0.00013984539313797827,0.0005633373812324585,0.31856867745367295,0.024101408368760176,0.014395524664382656,0.003967217335021895,0.01517045912191004,0.0007925420272552915,0.0,9.613825353214573,9.991734901551126,10,47231131
0.0,0.008535680537152536,0.0,-0.002284924197815108,-0.0027886232271686225,-1.3633983365187832,-0.10616964528816546,-0.02139794268836157,-0.01559342441131253,-0.07938885415277278,0.002281326637284283,0.0,9.613825353214573,8.03362060990463,8,47230656
0.0,0.003945834085159372,0.0,-0.000844713498028702,-0.0002549903384421545,0.2978775643415341,0.012705782734957123,0.015444890940141393,-0.0012910613507110373,0.024316894931741433,0.002209401126159787,0.0,9.613825353214573,9.967934956187085,10,47224301
0.0,-0.000419453855424127,0.0,-0.0003777005607409056,0.0007605527930874798,0.33303429892980385,0.02406879945178411,0.01169933938871672,0.0011175274881276074,0.016670688484130638,-6.794349250278803e-05,0.0,9.613825353214573,10.000311461841555,10,47224166
0.0,0.0022294447203717854,0.0,-0.0003458690888509821,0.0003900909615932391,0.3149700554836965,0.03351920103048263,0.012156967683315882,0.004630592611767813,0.02002570923921207,0.0012173133306901496,0.0,9.613825353214573,10.002618859186853,10,47222954
0.0,0.0023885498858284126,0.0,-0.00028770632897706953,-0.001766794466853487,0.3208009556718526,0.024813205719845532,0.015522864171957425,0.004782830053088412,0.014863223239907665,0.00107018705008151,0.0,9.613825353214573,9.996012668211304,10,47221681
0.0,-0.00036831547194224855,0.0,-8.461144016924553e-05,0.000584580350637014,0.316429745765909,0.022853205425974524,0.0186181343180286,-0.010410258906025932,0.018453723460469855,0.0007089823984140953,0.0,9.613825353214573,9.980610539115869,10,47213862
0.0,-0.0007784098714717145,0.0,-8.475341301742226e-05,-0.0027866796846417754,0.3263004176034617,0.024472157194274854,0.01670031265456565,-0.000666247523940979,0.013914772950113067,0.0007787668516905148,0.0,9.613825353214573,9.991675689975608,10,47206684
0.0,-0.0015538110877593172,0.0,-0.00039490998573155225,0.0007494122398503149,0.3355987890127277,0.025986839224099945,0.013667536899759075,0.001125893564176186,0.015385432416209351,-7.050151789746514e-05,0.0,9.613825353214573,10.004320033980008,10,47202963
0.0,-0.0006418959680622632,0.0,-0.00013984539313797827,0.0005457367460837689,0.32042425496649246,0.024389793798348828,0.017275375306905417,0.004135011512295579,0.016094345909588862,0.0007835700605290616,0.0,9.613825353214573,9.996691700153617,10,47199523
0.0,0.0070290297258248395,0.0,-0.002211913599138329,-0.0012707616504763859,-1.3387167902743682,-0.09160663974818428,-0.01581633552982914,-0.007991818780117765,-0.04740244511761463,0.0017390221799697815,0.0,9.613825353214573,8.117576700420639,8,47190028
0.0,-0.0014776054094087073,0.0,-0.00046303740020331023,0.0005998889541201672,0.3418776720220808,0.02747327533823369,0.0018068121934332075,0.0013025269794537883,0.018163099355498757,0.00020322732681786826,0.0,9.613825353214573,10.0033112125746,10,47189410
0.0,-0.0007458887023253062,0.0,-0.00013984539313797827,0.0007536550746002876,0.3291645967299749,0.025289333837096355,0.01687459466277569,-0.00023643814887761285,0.01419828423530463,0.0004544936714147279,0.0,9.613825353214573,9.999438139181398,10,47188259
0.0,-0.005669038157264341,0.0,-0.0021909471271793542,-0.0024326245713317935,-1.3750700540484555,-0.10820431889085749,-0.03213348825680761,-0.010568528106652902,-0.08363849799820507,0.0017088660041582587,0.0,9.613825353214573,7.995626722061978,8,47182186
0.0,-0.0008510911222645173,0.0,-2.9519460048689502e-05,0.000746699029427817,0.3315308975043537,0.02479695602179843,0.01906271556306427,-0.0020697543781663945,0.014446327766909635,0.0008175040406412558,0.0,9.613825353214573,10.002276088180288,10,47177504
0.0,-9.599317618692882e-05,0.0,-0.0007420435104668592,-9.596768208898932e-05,0.2987432633495482,0.016314106860729344,0.016976768698547383,-0.0015065176347932275,0.0011968338985321842,0.0020701043686431582,0.0,9.613825353214573,9.946685908387039,10,47174874
0.0,0.005076644867481341,0.0,-0.0007536794713831142,0.0001769394307861265,0.2936355968674232,0.014352864032799591,0.020845169648315887,0.009473400151393122,0.021634660914977205,0.0009433019686638583,0.0,9.613825353214573,9.97921025162503,10,47167743
0.0,-0.004252745909033609,0.0,-0.0022681673844903833,0.006934726741218063,-1.355622123283511,-0.09812076533575637,-0.01612404733027234,-0.011468441372117506,-0.0687058829791968,0.0032931571785339052,0.0,9.613825353214573,8.067491063539947,8,47165515
0.0,0.0009779068082224898,0.0,-0.00027141924372726603,-0.0026384905905663184,0.32383386051685664,0.029598974629055093,0.014034346274971785,-0.001292957760447609,0.015121774792033792,0.0009280760115164304,0.0,9.613825353214573,9.994117424652488,10,47157758
0.0,-0.0032252813805210495,0.0,-0.001993480060696809,-0.0011770541980517073,-1.3736870713065739,-0.09621277945366091,-0.014689703638533046,-0.012463715954560948,-0.07949710477200043,-0.0006170082061389715,0.0,9.613825353214573,8.030262154243838,8,47156488
0.0,0.0043679107823797495,0.0,-0.001675315362950223,0.008147078092183591,-1.299935383528976,-0.08116630682462755,-0.011591224882465143,0.07958741928178087,-0.06984134112864536,0.000565581613833449,0.0,9.613825353214573,8.242283771257087,8,47156300
0.0,0.0005609118203469154,0.0,-0.00014677683687216284,0.0006427199113213622,0.32559079342146563,0.02442476445255918,0.01641220904529947,0.0016284110638645436,0.016213483232546604,0.0007914625240700693,0.0,9.613825353214573,9.999943331849174,10,47152577
0.0,0.0024624924510155957,0.0,-0.0003770406596344843,0.0004014578571415818,0.3125687528269277,0.029910422829742125,0.011291895700812054,0.004939085927706671,0.018353199879789422,0.0016615021063677259,0.0,9.613825353214573,9.995037122134441,10,47131680
0.0,-0.0014262521910638846,0.0,0.004024275093090136,-0.002099668346970444,0.3265276665121986,0.02492537903718151,0.0037781124822289587,0.0009397326742237628,0.016941013715412432,0.00045689479015634715,0.0,9.613825353214573,9.987892506981032,10,47046724
0.0,-0.0031211569331552804,0.0,0.02225934596897724,-0.0019680859324033282,-1.3310832075486603,-0.09250768408390503,-0.018909174742919803,-0.019042269926654466,-0.052222035195457754,-0.0004296329106735263,0.0,9.613825353214573,8.116801451909723,8,47127912
0.0,-0.0008070277684613914,0.0,-0.00014571216545404968,-0.002944978828571133,0.32861832720202067,0.024659011078698785,0.015828756257010686,-0.001389463237731103,0.013703830009817662,0.0005739082603890462,0.0,9.613825353214573,9.991922004022292,10,47121737
0.0,-0.00016907670985807168,0.0,0.0013089457759892739,-0.002016820658441621,0.3250822712438681,0.025403755741412605,0.0158113336005888,0.0012903711868301137,0.014033490125061481,0.0005783765926071194,0.0,9.613825353214573,9.995148000112632,10,47118357
0.0,-0.0043922990652678585,0.0,-0.0023309636793205405,-0.0015306045946154763,-1.3691053491056178,-0.10043451814561744,-0.010366344761710609,-0.016323851151093086,-0.06618969430401139,0.002082011557723353,0.0,9.613825353214573,8.045233739965045,8,47115154
0.0,0.0008917547036214683,0.0,-0.0007536794713831142,-0.00029070469911194545,0.28232160454502925,0.010333439701505973,0.02073707371634812,0.0058328364771532745,0.017369486305789064,0.0021841460238816086,0.0,9.613825353214573,9.952451310517407,10,47114363
0.0,-0.0007879943578788116,0.0,-0.0004779727737612038,-0.002306279427862194,0.32945872020902384,0.027277716655306466,0.013074442098032959,0.0006685008623260073,0.016027982746998563,-8.001151827029981e-05,0.0,9.613825353214573,9.99668045770849,10,47114352
0.0,-0.0005023053479833248,0.0,-0.00013984539313797827,-0.0030001955669078173,0.32863759695823325,0.023761221787968006,0.016575179379817822,-0.006284276455115871,0.014786913626878383,0.0001207734996177945,0.0,9.613825353214573,9.987780415703943,10,47113576
0.0,0.0007451329617737814,0.0,-0.00013984539313797827,0.0007577459479022294,0.32808352876001495,0.02471988045524489,0.014466876841310233,-0.00025776530803541155,0.013358749557884412,0.0006534363580788718,0.0,9.613825353214573,9.996213093395609,10,47106044
0.0,-0.002334946986753368,0.0,-0.000844713498028702,4.501734296199147e-05,0.29622980276898503,0.011228343747708237,0.0182984579537061,0.005864166757853663,0.023102529488246724,0.0015889296017493962,0.0,9.613825353214573,9.967002940391003,10,47103684
0.0,0.0007451329617737814,0.0,-0.00013984539313797827,0.0007577459479022294,0.32808352876001495,0.02471988045524489,0.014466876841310233,-0.00025776530803541155,0.013358749557884412,0.0006534363580788718,0.0,9.613825353214573,9.996213093395609,10,47103276
0.0,-0.00034573277165788046,0.0,-0.0004779727737612038,0.0009080299058929806,0.3287406147431112,0.028179726569038333,0.012070848566638696,0.0019460275779217787,0.02048805924872757,-4.832529038028725e-05,0.0,9.613825353214573,10.005286628990104,10,47102250
0.0,0.0004902273774556138,0.0,-0.00013984539313797827,0.0005633373812324585,0.31856867745367295,0.024101408368760176,0.014395524664382656,0.003967217335021895,0.01517045912191004,0.0007925420272552915,0.0,9.613825353214573,9.991734901551126,10,47100268
0.0,-0.0011379337518493922,0.0,-0.0003770406596344843,0.0006052836446194281,0.32966467930320204,0.030162330424007844,0.01045758614956946,0.0013178122424202302,0.016251929463738164,0.0008260052029460856,0.0,9.613825353214573,10.001596005233594,10,47097695
0.0,-0.0019018687237579148,0.0,0.0028437788591893077,2.88340671073826e-05,0.33352838788091865,-0.018077428768057145,0.013816360559547767,0.0015853790387110754,0.021958497994973236,-0.0004453295080191545,0.0,9.613825353214573,9.967161964615187,10,47097550
0.0,-0.0013590018472024606,0.0,-0.0004379595182977421,0.00020386558161462507,0.33971438849021973,0.028094689272541714,0.0019683674256066,0.0015578624891317654,0.017923271055160995,0.00015120792028564805,0.0,9.613825353214573,10.001642044083635,10,47093968
0.0,0.00048681340384413045,0.0,-0.0003969802985264991,0.0004965974871523518,0.31307050573880363,0.030684310578732343,0.00514693149577883,0.005975562517153639,0.01884027858901774,-9.93054747609368e-05,0.0,9.613825353214573,9.988030067251769,10,47090403
0.0,-0.001395956453522991,0.0,-7.815216598383759e-05,0.0006189039447725879,0.32486061245414544,-0.015374580014101453,0.022449319686727497,0.0034696623937653616,0.02009613006135028,-6.884561581123251e-05,0.0,9.613825353214573,9.968402447505916,10,47088236
0.0,-0.00187473558458296,0.0,-0.0003427983090976255,0.00045817054599223405,0.3355215553153044,0.026165973666879283,0.01408366634503614,0.0007202632859419964,0.016222079487914067,0.0007241217336141697,0.0,9.613825353214573,10.005503649701575,10,47084360
0.0,-0.0006927724023876135,0.0,-0.00014677683687216284,0.0005771764806440042,0.3272666256984812,0.02478496084627622,0.018774078057096327,0.0018397982587503084,0.017018158992509844,0.000252859440278285,0.0,9.613825353214573,10.00349946174935,10,47083349
0.0,0.0012047829502197624,0.0,-0.0003427983090976255,0.0006066649488418823,0.33010167418817243,0.025516894276565595,0.014333090769749174,0.0019819106088371633,0.017618271522932487,0.000732126746461119,0.0,9.613825353214573,10.005577970917255,10,47082874
0.0,0.0025582299714742153,0.0,-0.0003328865618768117,0.0004718019389284295,0.3300760706648544,0.02518197766921871,0.014026033170628309,0.0009687810056876077,0.013945360170216968,-7.181460305036068e-05,0.0,9.613825353214573,10.000648906640654,10,47080605
0.0,0.00047176862544329873,0.0,-0.00014677683687216284,-0.0022933000121322066,0.3228899167038244,0.02333012249897705,0.015112206802539418,0.0021468606649266697,0.01803906228571062,0.0008382954891135286,0.0,9.613825353214573,9.994213509436104,10,47069794
0.0,-0.004273898327923617,0.0,-0.002254493554938239,-0.002348948121222119,-1.375692416186383,-0.10544697919766491,-0.010311607987682232,-0.013533369032990373,-0.08442894105601396,-0.0005539437526142759,0.0,9.613825353214573,8.014980755997144,8,47068450
0.0,0.004399616095252319,0.0,-0.0002811050819434848,0.00034966905063351706,0.323956376211762,-0.014552053995437065,0.013742467037380785,0.004687754824675098,0.021666001079468537,0.00023347748196711864,0.0,9.613825353214573,9.968027555918333,10,47065805
0.0,-0.0014854579717917223,0.0,-0.0003427983090976255,0.00037200768926527413,0.32608357804740745,0.026062696494431457,0.014286414237172348,0.003921665069421916,0.015479180257761713,0.0007467330224812642,0.0,9.613825353214573,9.998949371751625,10,47063945
0.0,-0.00047698393780385014,0.0,-0.0004327925408614616,0.0005154078353463532,0.3289448414222224,0.02933993009713323,0.012079332628829282,0.0003984271236876481,0.01688754001329666,8.021511944985039e-05,0.0,9.613825353214573,10.001161270975874,10,47060824
0.0,0.002585422722555124,0.0,-0.0003427983090976255,0.00048457147101270165,0.33141314590008025,0.025744377750254465,0.014581596550423242,0.0005432704064539166,0.014455164755437608,0.0007161168624936115,0.0,9.613825353214573,10.004006221324186,10,47053236
0.0,-0.000708658543752774,0.0,-0.0003777005607409056,0.0008414432592624819,0.33271226785954305,0.024741662859572428,0.013734610688298999,0.0009888809093941803,0.016012082390926784,0.00016128348777548433,0.0,9.613825353214573,10.001931225564853,10,47046089
0.0,-0.0008019149484631637,0.0,-0.00043972398459564616,0.000823352725519867,0.3314617187707945,0.027883750535154933,0.012512843597553083,0.0012095706951298314,0.015820821831753228,0.0006907727204001647,0.0,9.613825353214573,10.002986545157821,10,47045454
0.0,-0.0007316312959998809,0.0,-0.00043972398459564616,0.0009080299058929806,0.32918088343415064,0.025901415284129637,0.013736539094866539,0.002046820227926421,0.01685160753396536,0.0003795247708943846,0.0,9.613825353214573,10.001658818185804,10,47043165
0.0,-0.0008219126495725883,0.0,-0.00014677683687216284,0.0006354361602503965,0.32561639139059007,0.024205855571808217,0.01840480308170662,0.002273133091476255,0.01721847068879156,0.0007743294044786397,0.0,9.613825353214573,10.00198508311723,10,47041377
0.0,-0.0002973814641082021,0.0,-0.00043972398459564616,0.0008619364525681515,0.33150710088720414,0.02766632949705502,0.014958834072012143,0.0016132826444104939,0.014132024484943955,0.0008687166657868078,0.0,9.613825353214573,10.00469647246985,10,47040744
0.0,-0.0021088836934746603,0.0,-0.0003770406596344843,0.00044338352148438827,0.32350507006582196,0.030774264301299155,0.009881494325553922,-0.0025759059178977355,0.018934311909562424,0.0010344497935700064,0.0,9.613825353214573,9.99333649686086,10,47036761
0.0,-0.0005449410625959337,0.0,-0.0003710993137073209,-4.057788748703693e-05,0.33560669871779886,-0.014769234968605698,0.014504452054406895,0.0012822267762113144,0.018756286151307172,-2.2319670095758478e-05,0.0,9.613825353214573,9.968226844011806,10,46986675
0.0,-0.0018485682125732672,0.0,-0.0003770406596344843,0.0004137223875909448,0.3156886644740776,0.030196350667748784,0.010697497204474056,0.0054376723641284255,0.019517419118672195,0.0009212516940059153,0.0,9.613825353214573,9.994472322253063,10,46985472
0.0,-0.004766688298923924,0.0,-0.002284924197815108,0.0026097422878317697,-1.3586295173733944,-0.10257167940523874,-0.0214738711222513,-0.0010864405757302542,-0.07618126714100176,0.0028960284925711325,0.0,9.613825353214573,8.052336735880623,8,46979230
0.0,-0.0014362720233003238,0.0,-0.00028077488524288493,-0.0018541979990399342,0.3278278033772204,0.026151400400860687,0.015553450601067366,0.0024531993431292686,0.014569096675900069,0.0008070980442714576,0.0,9.613825353214573,9.997616156749439,10,46978566
0.0,0.002566519267002519,0.0,-0.0003427983090976255,-0.002443702531320781,0.329858317619928,0.025049060798797287,0.01497743386497266,-0.00010616300940747168,0.013716191622129417,0.0009918537200415258,0.0,9.613825353214573,9.99809206625762,10,46977231
0.0,0.008563665957669754,0.0,-0.0023286180181779897,-0.0019509668722686587,-1.3654763687034421,-0.1009301967025874,-0.01706598258592513,0.005118123997104459,-0.08068478042234076,0.0018499268327192059,0.0,9.613825353214573,8.060920156697328,8,46976511
0.0,-0.0015612149188801475,0.0,-0.00010476042742780312,0.0005125134806164094,0.2964277359262277,0.025207605845430393,0.02003702081652199,0.0075388783681178744,0.01617894761590867,0.00017064052434340385,0.0,9.613825353214573,9.978232720445432,10,46976151
0.0,0.0020768933943932292,0.0,-0.0003427983090976255,0.0004585507278940834,0.33113922137076873,0.02661717387956195,0.01488144359532043,-0.003133052910914601,0.015704723253592616,0.0006382716171838912,0.0,9.613825353214573,10.001865779833276,10,46975380
0.0,0.0004498384251564287,0.0,-0.0001850256260377204,-0.002265234378637093,0.31903898026623684,0.024972407575842164,0.01214311475053695,0.003482205650832425,0.01534515542184088,-0.0001193953241600095,0.0,9.613825353214573,9.986687399976185,10,46974350
0.0,0.0012831909473434587,0.0,-0.0003427983090976255,0.0007119468319355585,0.3289853176801239,0.024549181709094633,0.014339900567231445,0.0012255989665183695,0.02123232833086899,0.0005290836952594354,0.0,9.613825353214573,10.006339103633852,10,46972313
0.0,-0.0041114339678460675,0.0,-0.0021430749938218334,0.009118872019664893,-1.3461573359775214,-0.08783616585232731,-0.01884501960246802,-0.005311183596041757,-0.07226017613911569,0.0029621984223277263,0.0,9.613825353214573,8.089242033527425,8,46967279
0.0,-0.0018485682125732672,0.0,-0.0003770406596344843,0.0004137223875909448,0.3156886644740776,0.030196350667748784,0.010697497204474056,0.0054376723641284255,0.019517419118672195,0.0009212516940059153,0.0,9.613825353214573,9.994472322253063,10,46966328
0.0,-0.0008169786653683118,0.0,-8.475341301742226e-05,0.0006935326107677381,0.32788169308225024,0.02479978709963137,0.01796944111273278,0.0012172817023166484,0.0153774568272168,0.0007178668415897761,0.0,9.613825353214573,10.001580680412694,10,46958898
0.0,-0.0008455965623579886,0.0,-0.0001850256260377204,0.0008057053191771513,0.3295292779997569,0.0253974456300165,0.016327401021254875,0.0006670919751042798,0.015738570102675726,-7.733950586743774e-05,0.0,9.613825353214573,10.001182883568296,10,46948150
0.0,-0.0008187766477665281,0.0,-0.0004327925408614616,0.0005959773645970103,0.331370434746935,0.029766390269944078,0.013672033810332912,0.0007075831646022633,0.01535156747131098,0.00031310956836180055,0.0,9.613825353214573,10.00435088042203,10,46945666
0.0,0.0005411668589957862,0.0,-0.0004327925408614616,0.000603261115667976,0.32925502483148084,0.02929849401121236,0.010912680161777013,0.000723383677167541,0.015284394929625222,0.000723817168504381,0.0,9.613825353214573,10.000734783428143,10,46941364
0.0,0.005753261691962896,0.0,-0.0018093651357966964,-0.0032563575801393876,-1.321049531383984,-0.08662950153677271,-0.03136896473091787,0.0775368860051064,-0.07395480729659351,0.0031184693307555653,0.0,9.613825353214573,8.182165442578196,8,46939552
0.0,0.0032082647885277506,0.0,-0.000844713498028702,-0.00021471750359054886,0.29188040044489655,0.010841502367892348,0.01647908869559657,0.005084415686280778,0.022052409490292618,0.0012436357546205183,0.0,9.613825353214573,9.963555639441061,10,46937982
0.0,-0.004292829655072623,0.0,-0.0023309636793205405,-0.0015460045825819273,-1.3678411711299747,-0.09919418760576597,-0.011149539664553168,-0.01150371296117864,-0.06490546722131905,0.002180021349489087,0.0,9.613825353214573,8.053241498064299,8,46937767
0.0,-0.0007841647394685804,0.0,-0.0003777005607409056,-0.0022566542929820066,0.33125130404093167,0.024428019965467448,0.012700780833857736,0.001880785363456234,0.016242207387167407,0.0007749347229410083,0.0,9.613825353214573,9.997684865935204,10,46935876
0.0,-0.0003770266260010027,0.0,-0.00037076911700672106,0.0006029817123076733,0.3299572049550431,0.024708914538134997,0.01569463672731819,0.0009194975202861545,0.017462254821908028,0.0003681524606186627,0.0,9.613825353214573,10.002791200207183,10,46934450
0.0,-0.0005874776151434089,0.0,-0.00013984539313797827,0.0005437143108385549,0.3286618823918503,0.025490284359830095,0.017411752942758103,0.0008144104698905036,0.014613513264504857,0.0010155531034951157,0.0,9.613825353214573,10.001649141049459,10,46927414
0.0,0.0023400604774303944,0.0,-0.0003497297528318101,0.0005794293898753421,0.3262113710473016,0.026388295781365582,0.013708419965199191,0.0005820711568357395,0.015700527128506482,0.0009143056727113566,0.0,9.613825353214573,9.999900104080966,10,46926540
0.0,-0.000998421231080189,0.0,-0.0003150172357797437,0.00040270753765052916,0.3271794138438992,0.033535029863275154,0.012979541841134805,0.00357404426092827,0.01234192842222118,0.0013841658730472115,0.0,9.613825353214573,10.00390874638987,10,46926019
0.0,-0.0015251925261922311,0.0,0.007760997703222114,0.0005543820034947241,0.2865919560202023,0.012887908180278048,0.01669884241105733,-0.0022601148799579656,0.01782641255934779,0.0013809249520633496,0.0,9.613825353214573,9.95374146963809,10,46922377
0.0,-0.000653556075870656,0.0,-0.0004779727737612038,0.0005562296392796427,0.32899599803146856,0.02764173540072135,0.013456621674996035,0.0016061171162504407,0.017262801274538744,4.888737931179772e-06,0.0,9.613825353214573,10.002218216240127,10,46920825
0.0,0.0007451329617737814,0.0,-0.00013984539313797827,0.0007577459479022294,0.32808352876001495,0.02471988045524489,0.014466876841310233,-0.00025776530803541155,0.013358749557884412,0.0006534363580788718,0.0,9.613825353214573,9.996213093395609,10,46920068
0.0,0.0002462537752000239,0.0,-0.0004327925408614616,0.0004788362099774949,0.32551041739872183,0.026825665202439248,0.011318793828896861,0.0008867889223476504,0.016469875368515043,0.0001317768170579802,0.0,9.613825353214573,9.995260968196868,10,46915025
0.0,-0.004513511770447027,0.0,-0.0023286180181779897,-0.0016693072840412416,-1.3672351845301591,-0.10196002928480977,-0.015827018369998523,0.0024545356148103635,-0.08264741167883004,0.0016961677814505054,0.0,9.613825353214573,8.041794975674375,8,46913362
0.0,-0.0005421881080295808,0.0,-0.00013984539313797827,0.0005457367460837689,0.3198156214438098,0.02459006284522785,0.017319376377483337,0.004141476603458306,0.01627302837952422,0.00022743062366221297,0.0,9.613825353214573,9.996056052732655,10,46909141
0.0,-0.0005719208572364393,0.0,-0.0004327925408614616,0.0005870828168673072,0.3283552472810935,0.02690104075877784,0.013695594845289922,0.0012183276266536235,0.017015593135004933,0.00026996358829640987,0.0,9.613825353214573,10.000863489868458,10,46907279
0.0,-0.004182216947410338,0.0,-0.0022708681083350923,-0.002490613384065485,-1.341494976573914,-0.09392458573429276,-0.019232174790864233,-0.01235224697454327,-0.06375236704748986,0.0027285953606867395,0.0,9.613825353214573,8.076853899014345,8,46903927
0.0,-0.00048457307873075355,0.0,-0.0004779727737612038,0.0007568645729858844,0.328361580896514,0.027597061365711592,0.014335899534368438,0.0029063555162547436,0.01775311806090808,-9.482094451628234e-05,0.0,9.613825353214573,10.004478866364309,10,46901400
0.0,-0.0008227118768596055,0.0,-0.0004327925408614616,0.000490669632856031,0.32502154581765397,0.027239893098809722,0.013113349266481989,0.002570166473603866,0.016057888485090977,0.0009485262932901151,0.0,9.613825353214573,9.998011887864639,10,46896433
0.0,0.007556439657772675,0.0,-0.002284924197815108,-0.002725970377768985,-1.3584666020006226,-0.10096090834034636,-0.01975968196635446,-0.009117149415606958,-0.07691810121482814,0.002498374564599893,0.0,9.613825353214573,8.053646829923602,8,46895681
0.0,-0.0007221514464174799,0.0,-0.00013984539313797827,0.0007528617341506557,0.32768916840403234,0.02445735908968381,0.01688517579352162,0.0004322402149878466,0.015034280509597741,0.0003019730295272622,0.0,9.613825353214573,9.998516415150519,10,46895622
0.0,-0.0017186220035721666,0.0,-0.0003427983090976255,0.0004386222644719053,0.3345662197721874,0.02631384804536786,0.01443873129714706,0.0008885705955338513,0.015502284767464344,0.000801142246035332,0.0,9.613825353214573,10.00471335189011,10,46895493
0.0,-0.0008218593064501623,0.0,-0.00013984539313797827,0.0007003386674476806,0.32829158297599725,0.024529693520198466,0.016939202880543024,0.000643426054873351,0.014653783457625726,0.0007171100249417321,0.0,9.613825353214573,9.999338786096612,10,46891840
0.0,-0.0007172708053356293,0.0,-8.475341301742226e-05,0.0007261595465639878,0.3277464057105795,0.024940574907640626,0.01778343700972605,0.00011390428789862788,0.014526381344265973,0.00031850429986191253,0.0,9.613825353214573,9.999178696102756,10,46882857
0.0,-0.0027026573723061328,0.0,0.0038049057440234803,-0.0019467106209525844,0.3161406252607582,0.02562553347941528,-0.009725753984513506,0.0004788646182566371,0.008231617701893153,0.00028670762471078904,0.0,9.613825353214573,9.95401848566586,10,46882836
0.0,-0.0013413408867152467,0.0,-0.0007960309460703416,-0.00017913951572616033,0.29245601187334314,0.013255046001862836,0.01618314615259786,-0.002319174049143858,0.01884304719122263,-0.00033963200937292906,0.0,9.613825353214573,9.94958728702657,10,46879373
0.0,-0.0006418959680622632,0.0,-0.00013984539313797827,0.0005457367460837689,0.32042425496649246,0.024389793798348828,0.017275375306905417,0.004135011512295579,0.016094345909588862,0.0007835700605290616,0.0,9.613825353214573,9.996691700153617,10,46877636
0.0,0.0004543604645930074,0.0,-7.815216598383759e-05,0.0003673700492568575,0.3251607579926253,-0.015836356945199744,0.019153961130562194,0.000588960963110414,0.020813665663586715,-0.00011120410193809347,0.0,9.613825353214573,9.964338716265186,10,46877156
0.0,-0.0009458873050764842,0.0,-0.0003777005607409056,0.0004331509417860368,0.3271257043706923,0.02587142373440308,0.013067068296377677,0.0031636772199133776,0.015499626958567811,0.0008369975271533723,0.0,9.613825353214573,9.99849941439765,10,46876200
0.0,-0.0009674903603817587,0.0,-0.0004379595182977421,0.0004786089881790592,0.33656921439361764,0.02683461191444558,0.0020001277924182556,0.0021240887513221673,0.017792011047361417,0.00014018183626401934,0.0,9.613825353214573,9.998358748059502,10,46873702
0.0,-0.002123916972259893,0.0,-0.0003458690888509821,-0.0016213246395645048,0.31531428051912136,0.03290147324254083,0.013453112273241571,0.00469848873293656,0.021440924157871008,0.0008678723027511869,0.0,9.613825353214573,9.998410393742361,10,46871572
0.0,0.0003770751016735925,0.0,0.00011596399942648779,0.0008764723729859199,0.32148726920461,0.025929088433640238,0.012670695893438208,0.0024733874441139076,0.01549307557113115,-2.999737116393637e-05,0.0,9.613825353214573,9.993218383864429,10,46870723
0.0,-0.0009280841705782671,0.0,-0.0001850256260377204,0.000618790039582852,0.32263825148880826,0.027114439133199636,0.01603572779905797,0.000735510540897007,0.013876068191286043,-0.00010595795271034817,0.0,9.613825353214573,9.993625072658078,10,46869791
0.0,-0.0006461397387927997,0.0,-0.0004327925408614616,0.0005345250092958552,0.32386814907117484,0.028787371633445445,0.011200565554957617,0.00286944049655652,0.01633157289912457,0.00018992635845174654,0.0,9.613825353214573,9.996527971957926,10,46868291
0.0,0.0004368398732770093,0.0,-0.00043972398459564616,0.0008176931977271648,0.3280619127410079,0.026983669840697572,0.009718232078392997,0.0019952944505956323,0.017828198739263054,0.0007705063708708208,0.0,9.613825353214573,9.99999797652181,10,46864960
0.0,-0.006840112881650613,0.0,-0.0022102953557748056,-0.0010333646359162092,-1.3621392201977243,-0.09777183092047048,-0.030296253682814654,0.010284427945121685,-0.056520933415072756,0.0005546890242370556,0.0,9.613825353214573,8.06785245909451,8,46861340
0.0,5.867411202249138e-05,0.0,-0.00043972398459564616,-0.0022179530195755434,0.3263861659955917,0.02594982727507725,0.010946330225079452,0.0011425574416355942,0.015962681709755195,0.0005898328264175944,0.0,9.613825353214573,9.992203745795981,10,46860564
0.0,0.00752320536514528,0.0,-0.0023286180181779897,-0.003143396488592632,-1.3738544663592938,-0.1051668039507186,-0.015568044374471308,-0.00929619639998017,-0.08349003526011667,0.0011344780127703822,0.0,9.613825353214573,8.02963547574114,8,46855792
0.0,-0.0006418959680622632,0.0,-0.00013984539313797827,0.0005457367460837689,0.32042425496649246,0.024389793798348828,0.017275375306905417,0.004135011512295579,0.016094345909588862,0.0007835700605290616,0.0,9.613825353214573,9.996691700153617,10,46855135
0.0,-0.004403221322661506,0.0,-0.0021715412453038097,-0.0017708894297252444,-1.3607158072776526,-0.10147993576065059,-0.011895827973341514,-0.017413282089484602,-0.06846225906496982,0.001441498694848752,0.0,9.613825353214573,8.046954087745632,8,46853594
0.0,0.0007791030570232109,0.0,-8.475341301742226e-05,0.0009059464463251158,0.31722989543000063,0.02399912997608118,0.016114383548224906,0.0018672590957152877,0.014856823671222194,0.00042124873017716953,0.0,9.613825353214573,9.989914389756326,10,46853485
0.0,-0.0009333021761495254,0.0,-0.0008512648990390744,-0.0005833050740088015,0.2759167978132165,0.011838775300797482,0.008932174439987547,0.004010840417575377,0.014064386800157773,0.00027529520770506723,0.0,9.613825353214573,9.926495751044817,10,46851510
0.0,-0.0005421881080295808,0.0,-0.00013984539313797827,0.0005457367460837689,0.3198156214438098,0.02459006284522785,0.017319376377483337,0.004141476603458306,0.01627302837952422,0.00022743062366221297,0.0,9.613825353214573,9.996056052732655,10,46847323
0.0,-0.0003529998213710753,0.0,-0.0004327925408614616,0.0005812927364697021,0.3312727683052059,0.029689132725618197,0.013035129947413578,-0.002769417427789222,0.01746707180175811,0.0002423649672057784,0.0,9.613825353214573,10.002557903908222,10,46847183
0.0,-0.005059543041512422,0.0,-0.002252958350950391,0.006568742315582183,-1.3481014275546002,-0.1019928931094673,-0.03454787886659253,-0.011920611698129384,-0.07939101100025055,0.0016813021318653066,0.0,9.613825353214573,8.038809074040518,8,46846688
0.0,-0.0005874776151434089,0.0,-0.00013984539313797827,0.0005437143108385549,0.3286618823918503,0.025490284359830095,0.017411752942758103,0.0008144104698905036,0.014613513264504857,0.0010155531034951157,0.0,9.613825353214573,10.001649141049459,10,46846427
0.0,0.002122998404164824,0.0,-0.0003497297528318101,0.0007119468319355585,0.33061430104347644,0.024214482024966972,0.01340693835600817,0.0013875899114329589,0.017802751753631968,0.0005580575141855158,0.0,9.613825353214573,10.004294689301544,10,46839097
0.0,-0.0005564452171517676,0.0,-0.00014677683687216284,0.000736134001730217,0.32327532400894377,0.02352483400160262,0.018409589698000245,0.0008351134935605492,0.016394668068781766,0.0006313546925534484,0.0,9.613825353214573,9.996929149125721,10,46834975
0.0,0.0004217500206888297,0.0,-8.475341301742226e-05,0.0005167246792466566,0.32239714090145355,0.024240279093499448,0.01590906695553524,0.0004744634277770396,0.014565194089080694,4.679431832240488e-05,0.0,9.613825353214573,9.99231201328716,10,46829238
0.0,-0.0013669152168608073,0.0,0.00339453963761301,-0.002614555229381685,0.32889589556610244,0.025290022732281616,0.013806851430079958,0.0011895143905835868,0.014792831078133447,2.3958957032535607e-05,0.0,9.613825353214573,9.997237496560157,10,46827864
0.0,0.0007179402106928731,0.0,-8.475341301742226e-05,0.0007302504198659296,0.3265565782064072,0.02457916476897513,0.015081188715043995,0.0004674075419421562,0.013723228106950229,0.0007415118943804856,0.0,9.613825353214573,9.996337869665814,10,47034780
0.0,-0.0005036193141329836,0.0,-0.00013984539313797827,-0.0021209986140636812,0.31981078846290617,0.024868885086071872,0.016497547672042853,0.0039581448297663895,0.01657945958529101,0.0005116590897914756,0.0,9.613825353214573,9.99328737461911,10,47034700
0.0,-0.0008456499054804147,0.0,-0.00014677683687216284,0.0006354361602503965,0.32700604741106803,0.02483601857538059,0.01921983339126197,0.0015778869434572844,0.01619807589913912,0.0007824905573438392,0.0,9.613825353214573,10.003088715410122,10,47031886
0.0,-0.0044259141641482804,0.0,-0.0021715412453038097,-0.001865123858708846,-1.3618800412285568,-0.10164922290098748,-0.012373404077803537,-0.017393813579411804,-0.06816114854821222,0.0012542510986212503,0.0,9.613825353214573,8.045159394710062,8,47027779
0.0,-0.008368361800950255,0.0,-0.001898602972423666,-0.0022841481314907286,0.14892155639870253,0.0038877976989326267,0.029662797370309843,-0.015236597152631665,0.009930464764952622,-0.00010133183305008666,0.0,9.613825353214573,9.778338927556925,10,47026244
0.0,0.004419420162104008,0.0,-0.001675315362950223,-0.0021725850846805207,-1.305818950927074,-0.0846625080921275,-0.00826083664611842,0.07470975241567188,-0.07046449820606995,0.0005666428811041034,0.0,9.613825353214573,8.220466474354433,8,47023128
0.0,0.00045278082572710725,0.0,-0.00013984539313797827,0.0005571634861466244,0.3248113221351958,0.02380626269381081,0.01447376290343812,0.0010851575511712137,0.01521654806161666,0.0006339733327984848,0.0,9.613825353214573,9.99472247881134,10,47023010
0.0,-0.00045698746522300975,0.0,0.0013142961206904758,-0.001732938315452421,0.3225821549921788,0.025468533321410445,0.015023727560897171,0.0018776074110292496,0.016182635068974525,0.00015012214569679597,0.0,9.613825353214573,9.994234504054775,10,47020863
0.0,0.0006125469025788582,0.0,-8.475341301742226e-05,0.0005358418531961586,0.31583083097951203,0.02357371532905755,0.01533570964493221,0.0053388480723776215,0.014886659364686167,0.00075055366417166,0.0,9.613825353214573,9.99060530561207,10,47020093
0.0,0.0006135513249477195,0.0,0.004273167342392917,0.0006506202910109794,0.3159782803389926,0.026761380746752956,0.01299009963146458,0.0023312099449500617,0.016181684845193164,0.0012591091673514391,0.0,9.613825353214573,9.99486445684763,10,47016548
0.0,-0.00048457307873075355,0.0,-0.0004327925408614616,0.0007242270061150159,0.3280457779168503,0.026906930421227444,0.016032128479606677,0.0028555424819155946,0.01781132670319188,0.0010534669910388674,0.0,9.613825353214573,10.006337387594927,10,47012845
0.0,-0.0016086334000086013,0.0,-0.00028770632897706953,0.0003144889981952798,0.3251901601562605,0.025710224142030006,0.015275652173538625,0.004862375030559786,0.015020466487662042,0.0007571425609358565,0.0,9.613825353214573,9.99905952303477,10,47012381
0.0,-0.0007784098714717145,0.0,0.0007652320434833667,-0.0027866796846417754,0.3233859906548416,0.023836631219060284,0.01515671695809861,-0.0005393711542552289,0.013903114499699928,0.0005857384668029787,0.0,9.613825353214573,9.987354316346192,10,47010456
0.0,-0.0012513683377730698,0.0,-0.0003427983090976255,0.0006464034012582005,0.3303439899383816,0.02577267818026418,0.014190693959094837,0.002264877187487257,0.02034625723455891,0.0005006551296041473,0.0,9.613825353214573,10.006296741598351,10,47004323
0.0,-0.0018841808873871363,0.0,-0.000844713498028702,-0.00022556973234243245,0.30195756858003087,0.013699887933375924,0.027607836404455674,-0.0005126660481049961,0.025453744084846613,0.001082914872473841,0.0,9.613825353214573,9.980160174923894,10,47002667
0.0,0.0005411668589957862,0.0,-0.0004327925408614616,0.0005903178368043081,0.3281011642124876,0.027204105021807253,0.012195006735852899,0.0012779081414534261,0.015462669985834118,0.0007999833205397549,0.0,9.613825353214573,9.999564882787487,10,47002034
0.0,-0.00022462907805368098,0.0,-0.0004779727737612038,-0.0022302636923534434,0.322549360349357,0.026308297050848493,0.009874499121675963,0.0010371939008038467,0.019558429471173224,4.2507852383068396e-05,0.0,9.613825353214573,9.990262775416646,10,47001620
0.0,0.002585422722555124,0.0,-0.0003427983090976255,0.00048457147101270165,0.33141314590008025,0.025744377750254465,0.014581596550423242,0.0005432704064539166,0.014455164755437608,0.0007161168624936115,0.0,9.613825353214573,10.004006221324186,10,46988256
0.0,-0.0013698615236487968,0.0,-0.0003427983090976255,0.0003528905153157722,0.3313434604470368,0.025498933244554132,0.014606032100862313,0.0016932019085947366,0.01538564981898417,0.0006868532501783523,0.0,9.613825353214573,10.001679714667354,10,46781718
0.0,0.002285133816257773,0.0,-0.0003427983090976255,0.0003988397218565686,0.3233661772140956,0.025324384478143565,0.014236133190344835,0.00392116890524791,0.015742117867536456,0.0009059789586703382,0.0,9.613825353214573,9.999662489057629,10,46781353
0.0,-0.0044350499825687,0.0,-0.002231991878991416,-0.0011898636815894088,-1.3657709205212492,-0.10169101293245586,-0.007792512577565339,0.004316661043959788,-0.0798619631560175,0.001681073514781103,0.0,9.613825353214573,8.05684977304288,8,46781236
0.0,6.855048014388524e-05,0.0,-0.0001850256260377204,0.000525375949173997,0.3268880278117636,0.026029752445468173,0.013541191824865375,0.0007320895679256825,0.015001748188652943,-0.00011807819758692188,0.0,9.613825353214573,9.996308985658942,10,46780968
0.0,-0.0006382528565920707,0.0,0.000560491167839934,-0.002300294776734367,0.3163522939268527,0.02211964726647997,0.01695927951693407,-0.012161747923277224,0.015252267162494327,0.0005301925841591828,0.0,9.613825353214573,9.97049922928273,10,46779530
0.0,-0.005868647524387158,0.0,-0.002287573266365928,0.004256719682238341,-1.365770384676957,-0.1018140739400889,-0.04166586611655713,-0.008929520136041987,-0.046006462408564715,0.003515452941249313,0.0,9.613825353214573,8.049254997769099,8,46779141
0.0,0.0006408403180344827,0.0,-0.0004327925408614616,0.0005108966627906647,0.32201080942723015,0.028305093317007583,0.009445706595865487,0.003182917098410388,0.015455256006130937,0.0008876823262780798,0.0,9.613825353214573,9.99383176242546,10,46774549
0.0,0.005285889013549846,0.0,0.01568284821044354,0.007819685162358474,-1.2968823107415786,-0.08441406342932888,-0.01233766303897455,0.07159711206614701,-0.06915431698399684,0.0041550436304474345,0.0,9.613825353214573,8.25557757710364,8,46774196
0.0,-0.0005036193141329836,0.0,-0.00013984539313797827,-0.0018559929536533773,0.3196967828376596,0.024837304628319935,0.015935693445724035,0.0037591262187670793,0.016946364712739678,0.0005644359582674875,0.0,9.613825353214573,9.993065603355127,10,46761831
0.0,0.0006125469025788582,0.0,-8.475341301742226e-05,0.0005358418531961586,0.31583083097951203,0.02357371532905755,0.01533570964493221,0.0053388480723776215,0.014886659364686167,0.00075055366417166,0.0,9.613825353214573,9.99060530561207,10,46760222
0.0,0.00011319590235578898,0.0,-0.00014677683687216284,0.0007563610316648506,0.32290485213186776,0.023136472406478713,0.015473888905999234,0.0007255980974278406,0.016043641930131476,0.0007017874814593836,0.0,9.613825353214573,9.993534374265087,10,46758198
0.0,-0.0032249137018923054,0.0,0.019701630539971638,-0.0009089070275559013,-1.2801957607567578,-0.07424385732273539,0.047514124206167484,-0.006676067940882931,-0.04796447546280376,-0.00037082745949605433,0.0,9.613825353214573,8.26745629828859,8,46758067
0.0,-0.0007221514464174799,0.0,-0.00013984539313797827,0.0007003386674476806,0.3277686682634678,0.024510979679534653,0.017345072838439824,0.00047391545817674,0.01475464951250034,0.0001444657905032203,0.0,9.613825353214573,9.998661446585087,10,46751710
0.0,-0.0004935375471569328,0.0,-8.475341301742226e-05,-0.0016470930271825213,0.3206544184942418,0.02445691160024519,0.017669539604720494,0.0012147248904340144,0.02043874626486686,0.0008535227028589404,0.0,9.613825353214573,9.996887832784584,10,46750302
0.0,0.0022976507732911412,0.0,-0.0004379595182977421,0.00030852346486509287,0.3293643801830733,0.027421699909939166,0.00032197067725855684,0.0046769578666228774,0.01698779627802106,0.0002514252085572257,0.0,9.613825353214573,9.995017798057905,10,46747975
0.0,-0.0005564452171517676,0.0,-0.00019195706977190497,0.0008337544609669985,0.3244124823918888,0.023890346324140242,0.017378216009252503,0.0010380650793251265,0.016846672666194978,-2.301558193375058e-05,0.0,9.613825353214573,9.997453472277485,10,46747414
0.0,-0.000603327174165666,0.0,-0.0001850256260377204,-0.00220387726759,0.3208049015666636,0.025260793005430816,0.014998160472611991,0.0036499998281061077,0.01627892101562814,-0.00012836729088623938,0.0,9.613825353214573,9.991697531744334,10,46745945
0.0,-0.0005421881080295808,0.0,-0.00013984539313797827,0.0005592465079305168,0.3198758314973208,0.024538949381436186,0.016872100381374558,0.0036833577966013755,0.016332379961349106,0.00039246108494945023,0.0,9.613825353214573,9.995397646324367,10,46742325
0.0,-0.0008218593064501623,0.0,-0.00013984539313797827,0.0007003386674476806,0.32829158297599725,0.024529693520198466,0.016939202880543024,0.000643426054873351,0.014653783457625726,0.0007171100249417321,0.0,9.613825353214573,9.999338786096612,10,46740528
0.0,-0.00419543654004529,0.0,-0.002231991878991416,-0.0024027132040190767,-1.3745082785915088,-0.10660983680158066,-0.007006936242799289,-0.013319389150728174,-0.0842385980846698,0.0018479237177884671,0.0,9.613825353214573,8.021160096438022,8,46736960
0.0,0.0007644190029542473,0.0,-0.00043972398459564616,0.0006785430519457705,0.3223928611958816,0.02740286624841075,0.011701353697775996,0.0015763102265523817,0.015490856293359436,0.0013648716207256169,0.0,9.613825353214573,9.994757710567583,10,46736902
0.0,-0.0008218593064501623,0.0,-0.00013984539313797827,0.0007003386674476806,0.32829158297599725,0.024529693520198466,0.016939202880543024,0.000643426054873351,0.014653783457625726,0.0007171100249417321,0.0,9.613825353214573,9.999338786096612,10,46736771
0.0,0.0012256734287891722,0.0,-0.00038797854199736765,-0.002495114276163079,0.329033685178012,0.024099970563630405,0.011760394453219507,0.0003162506757392778,0.016380322070783056,4.037418712460497e-06,0.0,9.613825353214573,9.993762594185299,10,46734354
0.0,0.0024074533413810176,0.0,-0.00028770632897706953,0.0003413210307865743,0.3227380220369353,0.024887133203763196,0.015127171449866592,0.004875299949396441,0.015479752469449087,0.0007944501925335958,0.0,9.613825353214573,10.000188250559708,10,46735194
0.0,0.00752320536514528,0.0,-0.0023286180181779897,-0.0031971615713895893,-1.3738601943163775,-0.10527541260589215,-0.016876877390457727,-0.00929619639998017,-0.08323025505831139,0.002033089616412123,0.0,9.613825353214573,8.029316932835545,8,46733015
0.0,-0.00018729149265659496,0.0,-0.00026633468382138343,0.000539243900392189,0.32963299218821634,0.032031467656221405,0.011580095436539007,-0.001123643229067623,0.019490031839156416,0.0005252060266294754,0.0,9.613825353214573,10.006047120856183,10,46732889
0.0,-0.0011494155813001029,0.0,-0.00028770632897706953,0.00062151110962966,0.3329738352806422,0.02394014957969166,0.016220468909796257,0.0009987500430625642,0.016118944940600947,4.061318648222399e-05,0.0,9.613825353214573,10.003302504354203,10,46732025
0.0,0.0005209103702409547,0.0,-8.475341301742226e-05,-0.0028480367956888685,0.32349537803998846,0.02381691651513793,0.014799893634884854,-0.0007316087384024587,0.013474385971351243,4.95486266221714e-05,0.0,9.613825353214573,9.98631798742569,10,46727968
0.0,-0.0036731392594021076,0.0,-0.002210799734575357,-0.0019680859324033282,-1.352568984536806,-0.0910983567851383,-0.017750127968278545,-0.013695639961660525,-0.05139714882110596,-0.0002512312795321967,0.0,9.613825353214573,8.07921183893567,8,46724122
0.0,0.008535680537152536,0.0,-0.002210799734575357,-0.0021631337018119833,-1.3647599857499308,-0.10498454008023242,-0.016867363870874685,-0.015606285592961807,-0.07942345294938712,-0.00022083511942170333,0.0,9.613825353214573,8.036124636952529,8,46721451
0.0,0.0017325000822316266,0.0,0.007830133337208531,0.0030557580093656146,0.28767572971562605,0.014412798460144965,0.021154988591474563,0.0030047613880525045,0.02174036735187498,0.0005099506303563241,0.0,9.613825353214573,9.974942340780908,10,46720399
0.0,-0.004129465071379543,0.0,-0.0021715412453038097,-0.0017708894297252444,-1.3560900573245194,-0.0966112710783982,-0.010210446676365892,-0.010349234534298493,-0.06657890880739173,0.0012356490914607191,0.0,9.613825353214573,8.067149188138652,8,46719708
0.0,-0.0028251898229979264,0.0,0.008678828273688845,0.00010675925920584472,0.28146600843717695,-0.025706942690572002,0.014385710121763224,0.005827271105376037,0.02298504814234846,-0.0006942003979159776,0.0,9.613825353214573,9.918048645642648,10,46719650
0.0,-0.0006418959680622632,0.0,-0.00013984539313797827,0.0005457367460837689,0.32042425496649246,0.024389793798348828,0.017275375306905417,0.004135011512295579,0.016094345909588862,0.0007835700605290616,0.0,9.613825353214573,9.996691700153617,10,46718566
0.0,-0.0015538110877593172,0.0,-0.00039490998573155225,0.0007494122398503149,0.3355987890127277,0.025986839224099945,0.013667536899759075,0.001125893564176186,0.015385432416209351,-7.050151789746514e-05,0.0,9.613825353214573,10.004320033980008,10,46716732
0.0,0.00067489322242277,0.0,-0.00013984539313797827,0.0007179393025963702,0.32627257392768105,0.024147119690868787,0.014175961281083747,0.0006366040807715424,0.014412723751002728,0.0007260819916679621,0.0,9.613825353214573,9.99544940506953,10,46715930
0.0,-0.0006227737859829394,0.0,-0.0004327925408614616,-0.0017370242204470848,0.32757675343144327,0.026800778294930064,0.013260684489544957,0.0013369758454071451,0.017153457221623612,0.0003983597789641171,0.0,9.613825353214573,9.997559771729195,10,46713351
0.0,4.964702459128007e-05,0.0,0.0013142961206904758,-0.001823469949109841,0.3214929274519362,0.024966806776378518,0.013268743506382123,0.0011262397796980759,0.015876716644659367,0.0007278595586153502,0.0,9.613825353214573,9.990825120128415,10,46709423
0.0,0.00045278082572710725,0.0,-0.00013984539313797827,0.0005571634861466244,0.3248113221351958,0.02380626269381081,0.01447376290343812,0.0010851575511712137,0.01521654806161666,0.0006339733327984848,0.0,9.613825353214573,9.99472247881134,10,46708091
0.0,-0.0015538110877593172,0.0,-0.0003555965251478815,0.0007494122398503149,0.33569625845862505,0.025641194970081174,0.014706678047403297,0.0012157294141739586,0.015265867935063113,1.9157857425704564e-05,0.0,9.613825353214573,10.005210244524289,10,46706224
0.0,-0.0005256629272640511,0.0,-0.00014677683687216284,-0.002508444203894139,0.32321047772388906,0.023679246280305287,0.017754198164564385,0.00039404991425142993,0.01621976436662193,0.0006863488104621073,0.0,9.613825353214573,9.992588554506638,10,46705282
0.0,0.002285133816257773,0.0,-0.0003427983090976255,0.0003988397218565686,0.3233661772140956,0.025324384478143565,0.014236133190344835,0.00392116890524791,0.015742117867536456,0.0009059789586703382,0.0,9.613825353214573,9.999662489057629,10,46703855
0.0,0.003444977888867567,0.0,-0.0003449430437566646,-0.0023397172186482955,0.32890554456523474,0.02550760759295377,-0.0021234596629439266,-6.704696544721373e-05,0.01762077594776469,0.0008888313042792125,0.0,9.613825353214573,9.985317923622878,10,46703594
0.0,-0.0008455965623579886,0.0,-0.00013984539313797827,0.0007210281388040379,0.3292104425465941,0.02499010251367765,0.017650504259286295,0.0007847396266246304,0.015186499300683675,0.0007172019573193731,0.0,9.613825353214573,10.002100429602066,10,46702915
0.0,-0.00034698038994299726,0.0,-0.00013984539313797827,-0.002230680297863074,0.3213396514701062,0.024300640466177543,0.01695693323952523,-0.0001008986137398054,0.018611139301615943,0.0006952136085292145,0.0,9.613825353214573,9.992910526605844,10,46697852
0.0,-0.00017212765796041082,0.0,-0.00027141924372726603,-0.0017940984051572698,0.3288350152009659,0.03446387642409289,0.012439105880987645,-0.0020929609612688766,0.012241423181445756,0.0008029697199401697,0.0,9.613825353214573,9.998277137353892,10,46696525
0.0,-0.0004819279702468002,0.0,0.004267816997691715,-0.002175551025206187,0.321739334893201,0.025879904860811636,0.013887267425441741,0.0017377192957096163,0.015565033272343504,0.0003824643831918178,0.0,9.613825353214573,9.99462741534751,10,46694702
0.0,-0.006670489834332386,0.0,-0.0022899189275084786,0.004430996938382045,-1.3705037227680368,-0.10113003126633963,-0.042969081441831744,-0.011274328008517746,-0.07274477754178098,0.003493031890354263,0.0,9.613825353214573,8.014167032254964,8,46691618
0.0,0.0022107927730359886,0.0,-0.0003427983090976255,-0.001942223457274873,0.328121624902629,0.02521956567525341,0.01445201452378885,0.0007230369207848097,0.014949412822470887,0.0008688456276613409,0.0,9.613825353214573,9.998085624693825,10,46687079
0.0,0.0006055836599224713,0.0,-0.00013984539313797827,0.0005442202072829565,0.32483489875695526,0.024252794694261642,0.014511198142636702,0.00015920670992442364,0.0145877599706566,0.0006481049905013777,0.0,9.613825353214573,9.993829274953576,10,46686507
0.0,-0.0006405820019126043,0.0,-0.00013984539313797827,0.0006054477521212836,0.32856507906549237,0.025075297689643738,0.017436265677709603,-0.0027406863020322985,0.015520485694915428,0.0005970621425960679,0.0,9.613825353214573,9.998103877539968,10,46684666
0.0,0.001435993781538823,0.0,-0.0003427983090976255,0.0006536871523291662,0.3279543281195662,0.025091802208665408,0.014009774193761218,0.0018243049903717728,0.02106806716714877,0.0005145870691162269,0.0,9.613825353214573,10.006035099587974,10,46682298
0.0,-0.00044740596060070727,0.0,-0.00027141924372726603,0.0007475065499128202,0.32190261056538627,0.0352950646005746,0.013656891002492613,-0.0015818756983871295,0.018279698391920732,0.001705443666575088,0.0,9.613825353214573,10.003111867088721,10,46678456
0.0,-0.0007222047895399058,0.0,-0.00014677683687216284,0.0008143477696071108,0.32490174778775144,0.02417752687609319,0.018823886802395474,0.0018015978901411889,0.01781254071069208,0.00022664100921903458,0.0,9.613825353214573,10.001514660434061,10,46676908
0.0,0.0004498384251564287,0.0,-0.00013984539313797827,-0.0021823557251107743,0.31847928500640454,0.024397030471203885,0.013594648762159982,0.003751179492698931,0.015480689698290404,0.0008387689512915509,0.0,9.613825353214573,9.98849459290353,10,46675955
0.0,-0.004513511770447027,0.0,-0.0023286180181779897,-0.0016693072840412416,-1.3672351845301591,-0.10196002928480977,-0.015827018369998523,0.0024545356148103635,-0.08264741167883004,0.0016961677814505054,0.0,9.613825353214573,8.041794975674375,8,46675650
0.0,-0.003920122967538831,0.0,-0.0020104430287140613,-0.002265206981320259,-1.3532787085919653,-0.09263136992250871,-0.01244546526139263,-0.009033869445058696,-0.07382656820979641,0.0009575266620401733,0.0,9.613825353214573,8.06537112546832,8,46674900
0.0,0.0004123918734279221,0.0,-0.0001850256260377204,-0.0022349870749884095,0.3251795039577127,0.024543172683684368,0.012598627311370597,0.0009630967766782666,0.015567753093113429,-6.503924498498882e-05,0.0,9.613825353214573,9.99060484696455,10,46673309
0.0,0.0006408403180344827,0.0,-0.0004327925408614616,0.0004979533839269968,0.32227495448325993,0.026919573006172596,0.010392077283392677,0.002702797098153319,0.0155842846810057,0.0009638484783134536,0.0,9.613825353214573,9.993368889405971,10,46669455
0.0,-0.0006927724023876135,0.0,-0.00014677683687216284,0.0005771764806440042,0.3272097721181531,0.024808306634585872,0.018805413408635924,0.0018723621370635264,0.017130301051763525,0.0007510594352654897,0.0,9.613825353214573,10.004140195241424,10,46668646
0.0,-0.0005421881080295808,0.0,-0.00013984539313797827,0.0005457367460837689,0.3199196365271483,0.024603102962467295,0.017344402718490123,0.004176669564455298,0.01626006379085429,0.0003368526008183826,0.0,9.613825353214573,9.996329784623724,10,46663697
0.0,0.0009114320217784016,0.0,-7.782196928323768e-05,0.0004948217165442162,0.3182550121900033,0.024396414565965016,0.0168633337858025,0.0029403851054720423,0.013587526651569095,0.0012627504721482792,0.0,9.613825353214573,9.992459207754573,10,46661928
0.0,0.001182828902836839,0.0,-0.000844713498028702,-0.0009935986810547257,0.2754963841875161,0.010282165209791522,0.014755144100021947,0.0010648196342320894,0.011624859641618841,0.0016613589155229495,0.0,9.613825353214573,9.92805460162703,10,46658522
0.0,6.855048014388524e-05,0.0,-0.00013984539313797827,0.0004927383823031284,0.3265004653500699,0.025236102163078828,0.01516718355826305,0.0006874225645992527,0.015011543023713441,0.000997623182679216,0.0,9.613825353214573,9.997847136526286,10,46656365
0.0,-0.004691527634257893,0.0,-0.002023049180478996,-0.0024748101073058595,-1.3407542158061108,-0.08464858334392476,-0.03146155078059034,0.04816195004567967,-0.07427834968524084,0.0018276363018785377,0.0,9.613825353214573,8.123482853024223,8,46654234
0.0,0.002250685975291196,0.0,-0.0003427983090976255,0.0004252165441865137,0.32950076811864626,0.02482659167207024,0.014366006117731853,3.5040227955980796e-05,0.014631246508276926,0.0005655727896891691,0.0,9.613825353214573,10.000083682859323,10,46652715
0.0,0.008166179627101085,0.0,-0.002073827708175997,0.004707832788738202,-1.3219728925144394,-0.08351978020460687,-0.01981779671191089,0.014183836366576087,-0.05060018259930701,-0.000550747364026287,0.0,9.613825353214573,8.162347974894523,8,46652333
0.0,0.0020768933943932292,0.0,-0.00038797854199736765,0.0004244717068927888,0.329296827615071,0.0255966225354479,0.013559271119235492,0.0014187124673576824,0.015047964388999874,-8.003987868633426e-05,0.0,9.613825353214573,10.000778098021287,10,46652168
0.0,0.0006408403180344827,0.0,-0.0004327925408614616,0.0004979533839269968,0.32227495448325993,0.026919573006172596,0.010392077283392677,0.002702797098153319,0.0155842846810057,0.0009638484783134536,0.0,9.613825353214573,9.993368889405971,10,46651874
0.0,-0.0015259751046595902,0.0,-0.0003427983090976255,0.00037243879683610096,0.3322057026123426,0.025491851632669503,0.014341888652318266,0.0016835018585495576,0.016115297491948913,0.00030751609967214416,0.0,9.613825353214573,10.002474776945153,10,46649288
0.0,-0.004425776627017426,0.0,-0.002231991878991416,0.012212527034352397,-1.36470281561228,-0.10227461013465396,-0.005058310658967724,-0.006765929463826863,-0.07963835506903115,0.002273079065493445,0.0,9.613825353214573,8.063213169869654,8,46646663
0.0,-0.0013712923781645729,0.0,-0.00028770632897706953,0.0006114957735364293,0.327516623907368,0.023899722640633333,0.01520661466585835,0.0007984346427216542,0.022269873073823075,0.0003207746474362352,0.0,9.613825353214573,10.00278989385881,10,46646580
0.0,-0.0005421881080295808,0.0,-0.00013984539313797827,0.0005592465079305168,0.3198758314973208,0.024538949381436186,0.016872100381374558,0.0036833577966013755,0.016332379961349106,0.00039246108494945023,0.0,9.613825353214573,9.995397646324367,10,46645787
0.0,0.002285133816257773,0.0,-0.0003427983090976255,0.0003988397218565686,0.3233661772140956,0.025324384478143565,0.014236133190344835,0.00392116890524791,0.015742117867536456,0.0009059789586703382,0.0,9.613825353214573,9.999662489057629,10,46644990
0.0,-0.0005874776151434089,0.0,-0.00013984539313797827,0.00048545463123216286,0.3280697055707737,0.025653194739846105,0.01714260824324386,0.001049292359487366,0.014886347491379657,0.000988651215952986,0.0,9.613825353214573,10.001373284458209,10,46640888
0.0,-0.005358917616898622,0.0,-0.0023310603657042484,0.004101163457030863,-1.3555257969168701,-0.09827969179244847,-0.044791655007445634,-0.01354460809638387,-0.07181149309013185,0.0025824943023682267,0.0,9.613825353214573,8.02886578808809,8,46637078
0.0,-0.0010842653244472569,0.0,-0.00038797854199736765,-0.0024527122817937226,0.3310535306272198,0.024795389227486527,0.012133683056947212,0.0009768395572425813,0.01591030307991232,-9.894520799619026e-06,0.0,9.613825353214573,9.994760248094344,10,46636568
0.0,-0.000555059157933075,0.0,-0.00043972398459564616,0.0009080299058929806,0.3281899772124915,0.025892125098487647,0.013563322163573381,0.001709059437724571,0.017032282746129102,0.0001525862060526007,0.0,9.613825353214573,10.000277952842396,10,46635324
0.0,-0.0008455965623579886,0.0,-0.00013984539313797827,0.0007210281388040379,0.3292104425465941,0.02499010251367765,0.017650504259286295,0.0007847396266246304,0.015186499300683675,0.0007172019573193731,0.0,9.613825353214573,10.002100429602066,10,46634453
0.0,0.007578946475190657,0.0,-0.0021430749938218334,-0.0027975073742031345,-1.355500047557744,-0.09346242211421826,-0.0170653362714565,-0.011187027784807633,-0.07242153915716547,0.0022487956055072334,0.0,9.613825353214573,8.069076140041854,8,46633975
0.0,-0.001804451932119677,0.0,-0.00038797854199736765,0.00048223023362159884,0.33460641435329797,0.025548289064316394,0.012301539022234374,0.00010940002674375711,0.015086100569992262,-0.00010071667988756358,0.0,9.613825353214573,9.999666179330776,10,46631854
0.0,-0.0006114222198120058,0.0,-0.0004327925408614616,-0.002309577489220189,0.32798392698767703,0.026974588911126803,0.013690799587245426,0.0006151205708654276,0.015777737724613716,-5.651990470758771e-05,0.0,9.613825353214573,9.995457214841501,10,46629570
0.0,-0.001310940732177247,0.0,-0.00028077488524288493,0.0002311208461407553,0.3278565325479156,0.02581774468649907,0.01484482369735817,0.002094686463905159,0.014491158087484824,-0.0003816158909964775,0.0,9.613825353214573,9.997188088035461,10,46629037
0.0,0.0004902273774556138,0.0,-0.00013984539313797827,0.0005633373812324585,0.31856867745367295,0.024101408368760176,0.014395524664382656,0.003967217335021895,0.01517045912191004,0.0007925420272552915,0.0,9.613825353214573,9.991734901551126,10,46626643
0.0,0.0004902273774556138,0.0,-0.00013984539313797827,0.0005633373812324585,0.31856867745367295,0.024101408368760176,0.014395524664382656,0.003967217335021895,0.01517045912191004,0.0007925420272552915,0.0,9.613825353214573,9.991734901551126,10,46621679
0.0,-0.0005416346063139971,0.0,-0.0004327925408614616,0.0007824866857214081,0.3286250330226211,0.027603738888205484,0.012688520989819372,0.001809055153748906,0.017015161826018525,0.0008005671311643143,0.0,9.613825353214573,10.002175489764698,10,46618779
0.0,0.0020768933943932292,0.0,-0.0003427983090976255,0.0004585507278940834,0.33113922137076873,0.02661717387956195,0.01488144359532043,-0.003133052910914601,0.015704723253592616,0.0006382716171838912,0.0,9.613825353214573,10.001865779833276,10,46616982
0.0,-0.0002623624601361328,0.0,0.004273167342392917,-0.0021052057045807017,0.31784878057055055,0.026522480986936617,0.01302957672677122,0.002945538416124339,0.020138101282459405,-0.0002946052149259071,0.0,9.613825353214573,9.995920825160166,10,46614026
0.0,-0.0008791358889515488,0.0,0.0029647910104387306,0.000464280012926786,0.3187336361525329,0.030342339668729835,0.010021746734609522,-0.0002104594460237021,0.015457527232477055,0.0005959020318948981,0.0,9.613825353214573,9.991315980723208,10,46602670
0.0,-8.780807091003476e-05,0.0,-0.00014677683687216284,0.0008051530692850521,0.3263941826515499,0.02522918589644651,0.01741724638621851,2.566814654370426e-05,0.012746273025378629,0.00016913207295806272,0.0,9.613825353214573,9.996377609555172,10,46607803
0.0,-0.0018439532946952434,0.0,0.0033998899823142123,-0.002321656474331224,0.3290632590142854,0.025196103276931642,0.014120442207715796,0.0004163323989822812,0.015570642272190988,0.000816579526832045,0.0,9.613825353214573,9.9982429921248,10,46594606
0.0,-0.004273898327923617,0.0,-0.0023286180181779897,-0.0028975567944373596,-1.3743721455684015,-0.10637618673791253,-0.014697358091845079,-0.013873825795671564,-0.08411103017918917,0.0018872184988156708,0.0,9.613825353214573,8.012781952199834,8,46592357
0.0,-0.0007458887023253062,0.0,-0.00013984539313797827,0.0007401453127535398,0.3292148197766677,0.025286018516277067,0.017350900131085055,-9.294966332323776e-05,0.013935788226561547,0.00019007374757454615,0.0,9.613825353214573,9.999564415166706,10,46586606
