Location,Urgent,High,Verified,Frequent,Where is the existing garage located?,How big is the garage to be converted?,What are you planning to use the converted garage for?,Do you have plans drawn up?,What is the planning permission status for this job?,How likely are you to make a hiring decision?,base_value,predicted_value,Credits,Lead Id
0.0,0.12182889718589823,-0.054452419923250395,0.006841714407782448,0.010285692641328543,0.08615384711220153,0.12180772233090352,0.14507272605914553,0.7039121713211403,0.10585063052613766,0.02408044270948499,7.995345430657459,9.266726855028232,11,47371519
0.0,-0.052216374376519686,-0.08353936698646246,0.004575647634812832,0.013407547003846486,0.05371775411446846,0.1253121786895601,0.12752918943884797,0.9558802439830547,0.07101576876235506,0.07963772709508096,7.995345430657459,9.290665746016503,11,47356045
0.0,-0.041785243366459786,-0.07614513154479441,0.005820922712707662,7.917502828898749e-05,0.11185547202586732,0.10713796119327589,0.09068238497806345,0.8577420877177835,0.14280592025626898,0.05732099728409303,7.995345430657459,9.250859976942554,11,47332808
0.0,0.31340347491699944,-0.06909456957794982,0.00920008620545384,0.004425544287181063,0.052984082967294344,0.10722302816483328,0.1541523401596465,0.006307480155281006,0.08047966973509948,0.1763136437508093,7.995345430657459,8.830740211422107,10,47483088
0.0,-0.08217437323626874,-0.09300394256947665,0.00698327246528889,0.004425544287181063,-0.005901498949178006,0.07500786832777313,0.17008518702593667,0.06131909433554932,0.06420977162914783,0.3127215140195481,7.995345430657459,8.509017867992961,10,47481389
0.0,0.3203914172684392,-0.07712822234732455,0.010118177502681923,-0.002839688517258135,0.017087263985366023,0.045437313876771586,0.0517536078046963,-0.036172267803812434,0.03862250865962743,0.17992916025700315,7.995345430657459,8.54254470134365,10,47475746
0.0,-0.11120756551804933,-0.11332758388722167,-0.019069850723293178,0.008560312735597302,-0.047547013764656296,-0.030341146093703402,0.015928139340140365,-0.18561243674691458,-0.0567233902306801,0.06988194473759202,7.995345430657459,7.52588684050627,10,47458174
0.0,0.30587882227467145,-0.07047625989819804,0.011416980415020367,-0.003982594588677978,0.1574735078981077,0.08747735145327444,-0.03044240607492238,-0.063828678931682,0.07008223435589772,0.15313130164285932,7.995345430657459,8.61207568920381,10,47423881
0.0,0.2999487809487594,-0.07913957164262493,0.006865234878413591,0.008934154434259411,0.026187631644829075,0.038540663861501574,-0.02780071590640487,-0.06256009018342011,0.028639302093240445,0.1605489329819134,7.995345430657459,8.395509753767927,10,47379302
0.0,-0.08217437323626874,-0.09300394256947665,0.00698327246528889,-0.013181277327227408,-0.026007715689889938,0.06458825849393528,0.1325596421156621,0.0484709082722461,0.054811609216681635,0.30775278547010065,7.995345430657459,8.396144597868512,10,47372165
0.0,-0.07069083100093737,-0.10302999008421389,0.007373747752454268,-0.0061094763060447295,-0.013949287162229415,0.007753549353122228,0.041295008002054066,-0.037004590866776314,0.031505196885886544,0.2786754082722079,7.995345430657459,8.131164165502982,10,47361222
0.0,0.3362355968712257,-0.07056697426257343,0.0067120320275715906,0.011661721554876863,0.03895283861655456,0.06077042857963505,0.05118671799188671,-0.025268326800568,0.06646203822028887,0.1654085024380143,7.995345430657459,8.636900005894372,10,47359890
0.0,0.32245457168612246,-0.08860480287886435,0.007449845366281004,-0.005003630643943539,-0.010304799268229522,-0.025177071705866,0.015093393450948548,-0.073614028283629,0.03859954966450958,0.13569695532636403,7.995345430657459,8.311935413371152,10,47353529
0.0,0.349576303140325,-0.07418138010148957,0.008311288729742246,0.011736144138605395,0.02391676200553933,0.053934388496385044,-0.02964695026965293,-0.060396932372766166,0.04847591318391067,0.1382617705142882,7.995345430657459,8.465332738122346,10,47312560
0.0,-0.025110861466896783,0.22446472803977457,-0.007503769239640366,0.01135233064084525,0.11712805418465216,0.07241808734090324,0.07958570190916843,0.676127606523725,0.08243652224179601,0.02911950111508555,7.995345430657459,9.255363331946873,10,47292389
0.0,0.488651911098467,-0.07301534387285552,0.006956784945053407,0.017504813845080604,0.03644156374803934,0.08483721552048945,0.0447498879378407,-0.04948813210836763,0.07283597589190326,0.10113267149554388,7.995345430657459,8.725952779158654,10,47280750
0.0,-0.12013192793685888,-0.09983829042720845,0.00698327246528889,-0.013181277327227408,-0.021095482992530373,0.058395777444473065,0.133777314203707,-0.07528856807610927,0.025711407454693278,0.08791052577923847,7.995345430657459,7.978588181244925,10,47250853
0.0,0.23794787250750526,-0.0700291107888841,0.009561400924858278,0.006739542912514355,0.052164563121219386,0.052972888472042255,0.09666814345651804,0.3206914617133438,0.003638580796833914,0.0922378203171846,7.995345430657459,8.797938594090596,10,47240306
0.0,0.3508899714302151,-0.07230451534657514,0.006252460658033984,0.007935606063691557,0.09439227443321035,0.09638262053719852,0.07785574922249477,0.4338292774145824,0.06220141271544832,0.08930069569655888,7.995345430657459,9.142080983482318,10,47223793
0.0,-0.022725500180226364,0.27995862094047524,0.0027454522280641125,0.010584585912298704,0.13619173069204565,0.062261717203826214,0.10474927526758697,0.768724615984667,0.05058034188043005,0.04313596268421634,7.995345430657459,9.431552233270843,10,47211201
0.0,-0.07934089688664325,-0.09960729397114489,0.006146525315130514,-0.002968053675068108,-0.051689066377607194,0.017989026129297682,0.02588409353702952,-0.028036611671448955,-0.030248492668605978,0.30929473147195163,7.995345430657459,8.06276939186035,10,47202209
0.0,0.33165141656426556,-0.07276263820339295,0.006956784945053407,0.017504813845080604,0.03383701546724301,0.058696454575265816,0.02930603107935326,-0.031019086818137986,0.06210162721611476,0.15438283676139078,7.995345430657459,8.586000686089696,10,47180736
0.0,-0.08690822781398148,-0.09300394256947665,0.00698327246528889,0.004425544287181063,-0.0009523787128414388,0.07868147932531716,0.17338541188648024,0.07185265865876773,0.06832320693908618,0.30947889946581014,7.995345430657459,8.52761135458909,10,47169317
0.0,-0.0223767724807216,0.28259114220022646,-0.013422102478716726,0.006302711182222587,0.1139642914701421,0.06113627163447403,0.007830048871059285,0.6197193935218606,0.04336682787951349,0.03263126208613906,7.995345430657459,9.127088504543657,10,47164545
0.0,-0.0784283509560486,-0.10295592478672654,0.0073528519640777895,0.0008435927000133561,-0.038995392676524396,0.025773839361750275,0.10120943547280835,-0.017483837269230057,-0.04290206421539649,0.2797584497638209,7.995345430657459,8.129518030016003,10,47160377
0.0,-0.10122870866778377,-0.0920924397710866,0.007721484257618998,-0.0013098663357943472,0.013092036090980018,0.0416347034543474,0.021927156848198966,-0.09136677125229076,0.0228043396768343,0.06711486872329613,7.995345430657459,7.883642233681779,10,47131499
0.0,0.33623274001636283,-0.07383152366969471,0.009442548540653604,0.011148321243142313,0.016625697713886535,0.06922431357506402,0.08138641545962029,-0.08549559105345465,0.04646710207456373,0.1503363252005628,7.995345430657459,8.556881779758166,10,47082194
0.0,0.31848499432231525,-0.09151106833378726,0.009014613970548948,0.010391143687507582,0.000893043823216275,0.027743325922549016,0.007400238105989874,-0.07210426560157136,-0.028761220298465093,0.15880858283010563,7.995345430657459,8.335704819085867,10,47080012
0.0,-0.08546220292415742,-0.09817008816817495,0.006146525315130514,0.007394131495669365,-0.06259366283920016,0.05402615689066032,0.09844947828021083,0.00886000154325258,0.001448364553797485,0.26460813733866884,7.995345430657459,8.190052272143316,10,47073422
0.0,-0.03229796251627661,0.30109230158554706,0.003366424281644181,0.008450080295333234,0.08747485814483447,0.0016942811298563136,0.05758383613934747,0.5709923515701898,0.06868694112392092,0.03640213214996912,7.995345430657459,9.098790674561824,10,47065693
0.0,-0.06379934330727918,-0.0921862306225151,0.006855988629612877,0.003680927474599868,-0.011234238173058558,-0.08285958346175239,-0.03375045130871637,0.4019877332810115,-0.00972270034154083,0.17093906415324697,7.995345430657459,8.285256596981068,10,47065009
0.0,-0.08546220292415742,-0.09817008816817495,0.006146525315130514,-0.00497710090982438,-0.0639287915965623,0.053959954352021576,0.10705931012987288,0.01164046965794934,0.002050634223505543,0.26429857273359736,7.995345430657459,8.187962713470817,10,47040771
0.0,0.30387183445563615,-0.07374488496587268,0.010118177502681923,0.006351562480287724,0.029653073710954367,0.07578888404707015,0.10506305844077425,-0.02516624754786199,0.03865385241519036,0.15938968566176018,7.995345430657459,8.625324426858079,10,46995253
0.0,-0.12281278629070129,-0.11135219825536385,0.0049854860441016806,0.007769502739790254,-0.0692977388686427,-0.028316520858957268,-0.032456337498799476,-0.17966515347297454,-0.03729698647066235,0.065278828690316,7.995345430657459,7.492181526415566,10,46992065
0.0,-0.0879080332548942,-0.10005726175860515,0.007635423325551908,-0.0049133277179063805,-0.028061603520352967,0.04404203691581413,0.13081303089674495,0.03261301132921024,0.007617252973564794,0.2830463860491772,7.995345430657459,8.280172345895764,10,46943723
0.0,-0.08075575517551806,-0.07775472338706808,0.0076019045837245865,-0.0029682403328906916,0.23504684837206904,0.10036931793443199,0.04040978919258573,0.057793497864790475,0.08213727340367273,0.31106799992441875,7.995345430657459,8.668293343037675,10,46915049
0.0,-0.04172302494222848,0.40871639366199547,0.0049035579855365215,-0.007885134456377346,0.07321579027814835,0.02854600199136025,0.047540828691310016,0.15503031696521466,0.058600454330503364,0.2413970548177864,7.995345430657459,8.963687669980708,9,47519620
0.0,-0.04387868548203276,0.39597387888271096,0.007146859245936954,0.006351562480287724,0.08019338690043966,0.04843959429010273,0.10759094156906295,0.19014862381464293,0.06400471016810262,0.22025907285169669,7.995345430657459,9.07157537537841,9,47514862
0.0,-0.05238283042608096,0.3939118058214156,0.0065507515257359015,-0.004601457921556317,0.0264543538712597,0.02426095539442947,0.0353697232943999,0.15107992872850592,0.054645790999197134,0.22399315641982162,7.995345430657459,8.854627608364588,9,47513795
0.0,-0.05619756484103886,-0.11324149756843362,0.004708595424010269,-0.001161217082683308,0.05646150568513698,-0.06609612652937363,0.036446229849298094,0.6976265628758446,-0.0010613507790222499,0.10935043682369452,7.995345430657459,8.662181004514892,9,47513746
0.0,0.16247047187674343,0.242529103048754,0.003629309977703238,-0.00293412739698506,0.02915282579443436,0.05137965170026658,0.04688885296615848,0.1122456082099338,0.06868556742687908,0.12795220868277338,7.995345430657459,8.837344902944121,9,47499333
0.0,0.18116843318275425,-0.08067021109135446,0.005772970738386337,0.008450080295333234,0.047412504164825446,-0.00835654523957726,0.06420255004565557,0.5197406888083307,0.0122465753634767,0.045678590459664825,7.995345430657459,8.790991067384955,9,47485295
0.0,-0.06935515997281654,0.40042307272822336,0.006958711230499061,0.0024872168543048087,0.06437334437376477,-0.04443630733623187,0.043132943871384395,0.11254393222059811,0.011066534093400856,0.19956164655809194,7.995345430657459,8.722101365278677,9,47477686
0.0,0.1401063391263968,0.28257111431303716,0.006896048849022824,-0.008910184528196374,0.058296793622046796,-0.0029716385179818696,0.03636707312035804,0.09265947580334659,0.053313743491510586,0.11681643070845552,7.995345430657459,8.770490626645454,9,47476390
0.0,0.1525596696321586,0.292366419595506,0.008986668864473399,-0.010853138404331584,0.041942134403801144,0.04654097271788936,0.04057294565687676,0.08014647311866312,0.04059790211962423,0.12687366879293688,7.995345430657459,8.815079147155057,9,47439580
0.0,-0.07142959620198211,0.47204494710611644,-0.028303068122352865,-0.010343977528790481,0.023589419816280353,0.005015307545731384,0.025648137047144873,0.0527159179106268,0.03527860402724718,0.06046211962110495,7.995345430657459,8.560023241878586,9,47425587
0.0,0.11518825339285287,0.28259905256933027,0.006598264254118205,-0.008910184528196374,0.049762559365700614,-0.0022135762623120055,0.022692197465401708,0.0906625085411261,0.04878534915243549,0.11381146801176932,7.995345430657459,8.714321322619686,9,47422035
0.0,0.18379013944044215,-0.07382374587706884,0.005772970738386337,-0.005642703801053287,0.018818325722560217,0.048113969132778225,0.02807392911299851,0.5113637797519157,-0.004642037540349785,0.04546916207746418,7.995345430657459,8.752639219415533,9,47411426
0.0,-0.04499749246502236,0.40236548353405616,0.004542185052440813,0.00900265762997508,0.038586584150450055,0.03445946101000618,0.06182820370875787,0.160455763853775,0.04946901231054255,0.25034976520247076,7.995345430657459,8.96140705464491,9,47407358
0.0,-0.04387868548203276,0.39597387888271096,0.007146859245936954,0.006351562480287724,0.08019338690043966,0.04843959429010273,0.10759094156906295,0.19014862381464293,0.06400471016810262,0.22025907285169669,7.995345430657459,9.07157537537841,9,47376930
0.0,0.17965996144477173,0.28380733172990114,0.006183958277439239,-0.008394295331918449,0.06024896821517933,0.03679392984041383,-0.011729802769354309,0.061752339747241945,0.03281084042660306,0.11669378632862439,7.995345430657459,8.75317244856636,9,47352118
0.0,-0.04321745869891721,-0.06392859541945534,0.006300298189437403,0.010285692641328543,0.04605841944020371,0.13087683195379818,0.14718505982314412,0.939952350442033,0.1525785685096455,0.049795895452102674,7.995345430657459,9.371232492990778,9,47338797
0.0,-0.047571337945592033,0.3917451651181271,0.0037603058227509917,-0.01083886071501107,0.06565137465733539,0.024667180318862655,0.03836430448653387,0.09242442161024814,0.04376999565129285,0.2021726163876712,7.995345430657459,8.799490596049678,9,47316695
0.0,-0.04488695450947138,0.4162747852823168,0.003261139466957323,-0.008218746408624904,0.0628988292758995,0.01994499052334825,-0.025029530248560524,0.10267927136527352,0.04780892604213217,0.2305561390762771,7.995345430657459,8.800634280523006,9,47310820
0.0,-0.04499749246502236,0.3963399792283042,0.00478693796992263,-0.002662042074905678,0.029686832774725995,0.032412346569367735,0.061069302975528705,0.1542753385543694,0.048858515881662505,0.24941280361053744,7.995345430657459,8.924527953681949,9,47296843
0.0,-0.04649056603519598,0.3933817322544599,0.00478693796992263,-0.00497710090982438,0.02215107700442218,0.047253893516932786,0.10847047847907015,0.16272740379907272,0.050389396267053584,0.20011578950332148,7.995345430657459,8.933154472506693,9,47211442
0.0,0.14950214762003816,0.2522924006426341,-0.01828500981582018,0.003948700630266665,0.08827861898638414,-0.03052812995828832,-0.014330720615921595,0.07133554419553977,0.058606744919313544,0.103132661297708,7.995345430657459,8.659298388559312,9,47206193
0.0,-0.04026984526104805,0.40316573390626326,-0.02856102975023795,0.0016161359403578277,0.053582651323829784,0.029049300216977426,0.038472946730132476,0.13727429531792282,0.017874424638334472,0.24130743158051635,7.995345430657459,8.848857475300507,9,47192305
0.0,-0.03546207547391643,0.39583955474435684,-0.030563230574237814,0.006351562480287724,0.07178837715690892,0.051829166773500183,0.09830781924284283,0.18993803164922587,0.05959979788242748,0.24582908625098865,7.995345430657459,9.048803520789843,9,47188430
0.0,-0.047001031798571735,0.35736413746020745,-0.019172879945744705,0.01004330352189268,0.09987642832236637,-0.012000994384484183,0.04012204680560308,0.1070574994923181,0.04279417640791922,0.1941937559139978,7.995345430657459,8.768621872452963,9,47160889
0.0,-0.051055246970376576,0.404868148149086,0.004254561108002202,-0.0122128673897881,0.07660448049770002,0.014278739758488906,-0.04601107083215511,0.1541752487401795,0.05626510164996445,0.22637116767184035,7.995345430657459,8.822883693040401,9,47131198
0.0,0.14401578845229793,0.2615815129077269,0.003629309977703238,-0.002662042074905678,0.030362770087129953,-0.017020672596141522,0.05659618415142245,0.08260723159511857,0.05217155289388161,0.10812455822908469,7.995345430657459,8.714751624280778,9,47119474
0.0,0.16167532595389292,0.2721572353255325,0.005881924240611724,-0.002968053675068108,0.04082554139281031,0.061240682777473236,0.0891732518684037,0.09624755996753608,0.04626800325929297,0.11692177731499288,7.995345430657459,8.882768679082938,9,47114529
0.0,-0.04309446698817199,0.40682678059229,-0.018205910533893237,-0.007318689478862241,0.03689244136777111,0.03367057447689703,0.062189330412610086,0.15506894058728288,0.04888833969962361,0.24789966338949676,7.995345430657459,8.918162434182502,9,47103526
0.0,-0.04526543693066085,0.39286189481077644,0.006989135593008884,0.005179358363266903,0.05309754506620351,0.015333442675485701,0.06902434784265907,0.10675938168084127,0.014439445647800362,0.22631942472803246,7.995345430657459,8.840083970134874,9,47082187
0.0,-0.04624665403733991,0.3916624957090638,0.0036678427782159207,-0.015747426738316347,0.06997324974229141,0.018712854657157156,-0.035136004230511234,0.14713224894365567,0.056411711817395786,0.2415489701673466,7.995345430657459,8.827324719466418,9,47082128
0.0,-0.06509858007164324,0.4146418289250162,0.00478502596928535,-0.005873647211411854,0.10250793731823209,-0.0075247659450781365,0.05382039412673687,0.05681031982597187,0.042274521301754,0.07899207751829036,7.995345430657459,8.670680542414614,9,47069504
0.0,0.26046685209902193,0.27746412591124653,0.0050275043409291,-0.013432367903397649,0.0761008824597758,0.075858152435039,0.06318197635856844,0.10400583908668946,0.0917815521852052,0.08462438032975644,7.995345430657459,9.020424327960294,9,47068594
0.0,-0.046105000163317214,0.38984956039093976,-0.02668635304496849,-0.004601457921556317,0.0346958092118116,0.021466685955732402,0.02610796346263502,0.1624816567262198,0.05785974378484181,0.24450390229735275,7.995345430657459,8.85491794135715,9,47066635
0.0,-0.04983819275195489,0.35535004137993764,0.0071065213950506695,0.007840173125484278,0.055828188608740406,0.034646130897088095,0.09815794537421385,0.1321094406164099,0.01163128274421157,0.16586813802373346,7.995345430657459,8.814045100070373,9,47037261
0.0,-0.045231150059114655,0.4139744205998798,-0.030563230574237814,-0.005722857491954354,0.06715034444220111,-0.031908375583976196,0.07300178197645359,0.13643020570611758,0.04058433026457824,0.2343974217783347,7.995345430657459,8.847458321715742,9,47011093
0.0,0.16597701903614628,0.2716733553425318,0.005881924240611724,-0.004953925186406109,0.03486546426963942,0.03747515772360371,0.06949077547899367,0.06759956332376704,0.04433415260321596,0.11900741586373682,7.995345430657459,8.8066963333533,9,46987279
0.0,-0.05427286229773417,0.41723902925381445,0.004269459274820794,-0.010049119298729627,0.055364809737327846,-0.0023323817402851376,-0.038949538489403114,0.1446766760401043,0.05479068896910822,0.2363162602300665,7.995345430657459,8.802398452336549,9,46981568
0.0,-0.04269460822841762,0.4050074728674495,0.004658805068054705,-0.007885134456377346,0.0715983706965857,0.03315130347510132,0.033565150534143856,0.154646091964968,0.05042684224683376,0.2409067090705868,7.995345430657459,8.938726433896388,9,46980117
0.0,0.16441675994785268,0.276363074685972,0.00652167424782081,-0.002968053675068108,0.0293923106786732,-0.055420876379588056,0.06550024033900832,0.08400216744532973,0.03714026580079214,0.12233661974377316,7.995345430657459,8.722629613492025,9,46977043
0.0,-0.047907276093693205,0.29953532484813433,0.0037848472189188215,-0.005058691766569582,0.05814063999607404,0.03165521333767525,-0.03623585320575281,0.3188523993740838,0.05591796336882564,0.1157528336003592,7.995345430657459,8.789782831335515,9,46969859
0.0,0.17491629896113456,0.30084351719680935,0.0067706766072255205,-0.005774181025532283,0.059382199181402015,0.0382204664074019,-0.02466738242621688,0.05779147616395729,0.033913352688032465,0.11882862697814921,7.995345430657459,8.755570481389823,9,46947069
0.0,-0.04923949121663971,0.3951274347761038,0.006958711230499061,-0.0029042804831501084,0.07971592783491892,0.03973442099231543,0.12626453326956388,0.1629995345411152,0.016185682172565937,0.20419159062540762,7.995345430657459,8.974379494400159,9,46944869
0.0,-0.04330447119712714,0.34341174775174793,0.00478502596928535,0.0026138908327938853,0.12733990468927014,0.06142731392837193,0.040444516823543185,0.17063661091473387,0.043114236769390336,0.22944143535534203,7.995345430657459,8.975255642494812,9,46926293
0.0,-0.12218775115258612,-0.10300962327199044,0.0036271321714844533,-0.006255485507958284,-0.0572083564231906,-0.013127129551641824,-0.12102507447120599,-0.11834729585862618,-0.012987591186042074,0.06650482460802191,7.995345430657459,7.5113290800137245,8,47513945
0.0,-0.08193510834463627,-0.1158289599970021,-0.02592110381525041,0.004691776829753656,0.1038654029209735,-0.06661903190075412,0.01078659019580541,-0.05510625198776949,0.029895729928260267,0.22448339686093338,7.995345430657459,8.023657871347773,8,47513768
0.0,0.27816146908251665,-0.0955787151781535,-0.03549386626343835,0.007523344385892389,0.00522194010285117,-0.0464215737750702,-0.03330330304800451,-0.0681655832358247,0.0034394244148540244,0.13790504526860942,7.995345430657459,8.148633612411691,8,47509314
0.0,-0.08239355887641933,-0.10596370995687394,0.004757327295273631,0.007149502687230282,-0.026956808180636012,-0.010940663595972658,-0.03044222549322239,-0.04065150990352797,-0.030369236255365327,0.2655374525126778,7.995345430657459,7.945072000890623,8,47494367
0.0,-0.08546220292415742,-0.09817008816817495,0.006146525315130514,-0.00497710090982438,-0.0639287915965623,0.053959954352021576,0.10705931012987288,0.01164046965794934,0.002050634223505543,0.26429857273359736,7.995345430657459,8.187962713470817,8,47487630
0.0,-0.07975768963697587,-0.09817008816817495,0.006146525315130514,-0.00497710090982438,-0.051619038116333976,0.05801182163626376,0.10616193520056733,0.019798885955714714,0.0028798767961248873,0.2894604027430536,7.995345430657459,8.243280961473005,8,47483366
0.0,-0.0879080332548942,-0.10005726175860515,0.007635423325551908,-0.0049133277179063805,-0.028061603520352967,0.04404203691581413,0.13081303089674495,0.03261301132921024,0.007617252973564794,0.2830463860491772,7.995345430657459,8.280172345895764,8,47479755
0.0,-0.07975768963697587,-0.09817008816817495,0.006146525315130514,0.007394131495669365,-0.050283909358971826,0.058078024174902494,0.09755210335090528,0.017018417841017958,0.0022776071264168293,0.2897699673481251,7.995345430657459,8.245370520145503,8,47476480
0.0,-0.0896333091502051,-0.10572077501499358,0.005451516115981822,-0.009419345403737477,-0.010669860448629885,-0.0038233652495152015,-0.00024242047468041338,-0.04143882030685654,-0.029529356739902046,0.259393144818682,7.995345430657459,7.969712838803603,8,47472398
0.0,-0.08467328125260544,-0.09948457610821355,0.005593040738848696,-0.003309678777832041,0.0965408372890875,-0.0699934354162815,0.003711062243067734,-0.04192594600790314,-0.03216797354196035,0.2764076016953583,7.995345430657459,8.046043081519025,8,47461755
0.0,-0.0879080332548942,-0.10005726175860515,0.007635423325551908,-0.0049133277179063805,-0.028061603520352967,0.04404203691581413,0.13081303089674495,0.03261301132921024,0.007617252973564794,0.2830463860491772,7.995345430657459,8.280172345895764,8,47448848
0.0,-0.05641202178325964,-0.0827093704945333,0.003791060189190669,0.00747425653050491,-0.0017440362581721822,0.05550360862157244,0.0547655637890112,0.7098689798280372,-0.007327294448248796,0.09148085320690183,7.995345430657459,8.770037029838463,8,47446670
0.0,-0.09061196058337287,-0.09991858900119112,0.00380102946669845,0.017504813845080604,-0.021309981189795876,0.0027462159756411657,-0.05116515027126671,-0.003539142555502474,0.017056036254624284,0.292494290195475,7.995345430657459,8.06240299279385,8,47445625
0.0,-0.08277726503584804,-0.09554511896950578,0.005593040738848696,-0.009557821231122737,0.14701961469359348,0.042845067358008436,0.0038038531432641933,0.006979897413104822,0.00028193327179182467,0.27170641228958853,7.995345430657459,8.285695044329183,8,47438694
0.0,-0.05294309045259889,-0.08685239096395427,0.0031700881356106,0.010584585912298704,0.026790869720145744,0.06335499597993126,0.09297754830888784,0.82293399319615,-0.02882433575532632,0.08643273283024025,7.995345430657459,8.932970427568844,8,47407579
0.0,-0.08708062344715832,-0.10291698117372546,0.00380102946669845,0.013410976310824404,-0.04121308290485282,0.0075169416714860925,-0.061541783582101245,-0.005078679051099524,0.026211640344787797,0.3111036634325728,7.995345430657459,8.05955853172489,8,47394053
0.0,-0.07963530890771077,-0.100157113564411,0.0078113988842726115,-0.003982594588677978,0.1600042343328654,-0.05842631274869464,-0.02145285445146363,-0.0247100071790218,0.029302766257428663,0.2664030688996485,7.995345430657459,8.170502707591695,8,47381903
0.0,-0.08208113111643327,-0.11502741473289278,-0.023780529873793407,0.01453848535761521,-0.032213103579278604,0.011011325762053815,0.014597754078157431,-0.04227986175223298,-0.0013759946122671738,0.3021712111120635,7.995345430657459,8.04090617130045,8,47376094
0.0,-0.08217437323626874,-0.09300394256947665,0.00698327246528889,-0.013181277327227408,-0.026007715689889938,0.06458825849393528,0.1325596421156621,0.0484709082722461,0.054811609216681635,0.30775278547010065,7.995345430657459,8.396144597868512,8,47376075
0.0,-0.08433698362065395,-0.08515377446826128,-0.018950040962211406,0.008161500382979671,0.2232682414616897,0.09086136255532204,-0.03428566004093076,0.03556613624901162,0.06135488854935215,0.2797022455548389,7.995345430657459,8.471533346318596,8,47362334
0.0,-0.0853518983103204,-0.10586619295232381,0.005039898656747749,-0.00526502014999118,-0.04500855627368649,-0.011924106422497634,-0.03686647004622459,-0.025115994558412614,-0.0048393440554102725,0.28631339076851137,7.995345430657459,7.966461137313851,8,47335121
0.0,-0.09395671349550472,-0.09991775194450027,0.005380715823137368,-0.002662042074905678,-0.047831627048351054,-0.05004268932604127,0.04644840033855591,-0.02453714856780759,0.013066785743206626,0.29644688944655145,7.995345430657459,8.037740249551799,8,47326002
0.0,-0.0764811649440246,-0.10116330443860702,-0.023780529873793407,0.00602411496245941,-0.024888519636882062,0.011805972405809531,0.06538029626172404,-0.047102640760097056,-0.03255693438658816,0.2935704113723666,7.995345430657459,8.066153131619826,8,47316580
0.0,0.3141914476858227,-0.07989960322286385,-0.0351641530318304,0.008934154434259411,0.021614134216226762,0.042111981550009024,0.023319234650447652,-0.05946287252788691,0.024734968224832822,0.14964723480346234,7.995345430657459,8.40537195743994,8,47312431
0.0,-0.07821074762940963,-0.09619530372585271,0.00516576544297133,-0.008956030480605474,-0.055064641215062035,-0.0055678313380946335,0.017744607732381127,-0.051656927211722194,0.028256387590639205,0.2781922994793093,7.995345430657459,8.029053009302013,8,47298956
0.0,-0.0922064453050277,-0.09056227270957456,0.003242857284478153,-0.010284191202973404,-0.05281579104990524,0.019482433014048957,-0.10231883015715575,0.0055879794403524904,0.01988423675821263,0.31363323870213644,7.995345430657459,8.008988645432051,8,47297641
0.0,-0.08947837425867237,-0.10020270871302844,-0.023780529873793407,-0.002662042074905678,-0.06852665625041546,0.02099532325605676,0.029995459140834953,-0.016816398192558292,-0.005839196404851148,0.2937691946504522,7.995345430657459,8.032799501936578,8,47279972
0.0,-0.07626672281990053,-0.0966117631830189,0.007373747752454268,-0.006829962209338667,-0.04878184914956402,0.011216022499547975,0.09687759086570191,-0.051916034442329215,0.01088440644446017,0.24579056013169592,7.995345430657459,8.087081426547169,8,47252441
0.0,-0.09337191247824635,-0.10474107004643193,0.006146525315130514,0.001551039205465622,-0.05695724298202447,-0.04712047154203137,0.010499319059884661,-0.04661183080398766,-0.028549912164177235,0.28574460345473507,7.995345430657459,7.921934477675776,8,47233320
0.0,-0.0772230492961783,-0.1049753140204225,-0.019776427778918134,0.008212354314558544,0.1503041239171474,0.0325523581384664,-0.04222765736428705,-0.05016779636872557,-0.043196785867578,0.24122345001964116,7.995345430657459,8.090070686351163,8,47230385
0.0,-0.05191955222488699,-0.0830973603743924,0.005999736290014342,0.005537056340716488,-0.03610292109835092,-0.053097832450222864,0.033684147187772934,0.7900688946827829,0.13099386578050018,-0.4743876420885246,7.995345430657459,8.263023822702868,8,47204300
0.0,-0.09135884492234002,-0.12170791660623552,0.007362000556790487,0.010764985386169691,-0.02715475283858039,-0.016985255836169787,-0.0034240595048306913,-0.03621810490530461,-0.005836786912009573,0.2523757586739508,7.995345430657459,7.963162453748899,8,47174280
0.0,0.12594845138285155,-0.07506814155714839,0.0068396863299032525,0.006003817911252426,0.07615281056109309,0.07601159627947317,0.022571710102344312,0.6339295133229772,0.08942726824001164,0.05622220488441011,7.995345430657459,9.013384348114627,8,47169140
0.0,-0.07788324553200825,-0.10301346127987923,0.006146525315130514,-0.004953925186406109,-0.03365879916770455,-0.00232311171974737,0.01083625350452933,-0.05822396410810195,-0.038436387378741076,0.3074530748074306,7.995345430657459,8.001288389911961,8,47149423
0.0,-0.09403414191448256,-0.10648991401223751,0.00542744101606897,0.010407029644146058,-0.047721891221819024,0.014188447785646707,0.010419335797124498,0.013960463766821378,0.004140237582900903,0.31058499866850753,7.995345430657459,8.116227437770137,8,47147673
0.0,0.30010660411518947,-0.08074740089262755,0.009330418397105385,-0.0029042804831501084,0.019593336240140247,0.055436957504873825,0.13137576990261415,-0.06122737342178345,-0.02355581504128783,0.16753902871982274,7.995345430657459,8.510292675698356,8,47133822
0.0,0.3139148001368628,-0.10129155584306951,0.00874560877724347,-0.008910184528196374,0.018817735430182857,-0.03427647610529329,0.010769615162266476,-0.08964660512303033,0.03313473355569722,0.14649612046247365,7.995345430657459,8.293099222582596,8,47127368
0.0,-0.09662301339101907,-0.10559363934866028,0.005039898656747749,-0.006290070221810207,-0.01946943607932406,-0.017826140755695406,-0.003522751740281745,-0.04683951113494949,-0.004787307849837426,0.2492423175311556,7.995345430657459,7.9486757763237845,8,47121490
0.0,-0.11576929663127576,-0.10576352764624675,0.007635423325551908,-0.0049133277179063805,-0.027129094894787577,0.04292203435641963,0.14801641388596948,-0.08011594945377645,-0.0004944909544091522,0.09301929850959499,7.995345430657459,7.952752913436593,8,47105119
0.0,0.29926822197534436,-0.08576519951745447,0.007318099664457846,-0.008408042107975484,0.012286601703457863,0.02627636814082737,0.03635712396072673,-0.146616352807804,-0.005650191089000055,0.143036612082791,7.995345430657459,8.27344867266283,8,47095947
0.0,-0.0870046297294646,-0.10590344332530276,-0.023526632952620585,-0.007885134456377346,-0.029541878191687878,0.006972962644829611,0.011952729010875268,-0.006627743655949465,0.0006772499672512633,0.29318594865327413,7.995345430657459,8.047644858622286,8,47066452
0.0,-0.11567967166405196,-0.10114150296341679,-0.03153794021145521,0.004425544287181063,-0.005539468648879832,0.0685031943906345,0.16276041048009673,-0.06362709066567822,0.03409794997920738,0.08947785733246998,7.995345430657459,8.037084712973567,8,47063060
0.0,0.2749763689180731,-0.07913957164262493,0.006865234878413591,-0.007885134456377346,0.01937233714406778,0.03841201757226888,-0.029844031351923546,-0.07811575478277634,0.02068539905799162,0.1380632158361524,7.995345430657459,8.298735511830724,8,47061706
0.0,-0.0848011982660724,-0.11040183566986701,-0.018280430538660283,-0.004674631696717054,-0.048570838759918813,0.002847525308208034,0.014161620556900262,-0.02476179967349262,-0.03693635161197391,0.28574250254791667,7.995345430657459,7.969669992853782,8,47041467
0.0,-0.0783436577733779,-0.10007312201300647,0.006146525315130514,0.00602411496245941,-0.0273036972433336,0.011422096026789896,0.06371730582258141,-0.045902900313670496,-0.03181807007880244,0.2946369439018297,7.995345430657459,8.093850969264059,8,47039758
0.0,-0.12819471479851516,-0.11093265977154013,0.005837756167673231,-0.007435935704714089,-0.0459089655591864,-0.013872598471079491,0.01850268720253876,-0.13910613598942698,-0.02522071911494721,0.06450124178331947,7.995345430657459,7.613515386401581,8,47001910
0.0,-0.09011595151110162,-0.09667201119491978,0.004739971204888458,-0.015747426738316347,-0.024615540266036674,0.01902805308363545,0.017592108133242277,0.014261526075613828,0.042383481736817406,0.3081595396265289,7.995345430657459,8.17435918080781,8,47001141
0.0,-0.08021854384826849,-0.10113563968104804,0.005593040738848696,-0.01006698210666384,0.1479944061192394,0.039067004533208174,2.184901160174127e-05,-0.021474503763684063,-0.04541979507324539,0.2580314879465417,7.995345430657459,8.18773775453399,8,47000193
0.0,-0.0839616991731906,-0.09544203140835839,-0.02127665502777743,0.0026138908327938853,0.1571893877121414,0.05783933364082067,0.0049931843826899296,0.010126046365927045,-0.0010349323791755574,0.28638371743547214,7.995345430657459,8.312775673038802,8,46999586
0.0,-0.08397351043551625,-0.10808887511770399,0.005411232857108143,-0.008394295331918449,-0.05541720898842101,-0.017997965107785334,0.007617249824629943,-0.0859695654906115,-0.060123503909244806,0.2780795829601593,7.995345430657459,7.866488571918155,8,46976665
0.0,-0.0852868173198129,-0.11806609503681213,0.005593040738848696,0.01004330352189268,0.1082169697984206,-0.033844544278382654,-0.00949616917471149,-0.06500211664359555,0.0007841265560151392,0.25998058294447346,7.995345430657459,8.068267711763795,8,46961343
0.0,-0.08077382149262509,-0.10954382222794666,-0.02127665502777743,0.008456983122997627,0.1004095416638153,-0.07792409442451516,0.002798436253619737,-0.047907950859881546,-0.013222249195241977,0.25327389758680185,7.995345430657459,8.009635696056705,8,46959301
0.0,-0.05660651097805332,-0.0943959436497355,0.0029049591215579086,-0.005724106848441124,-0.017971433330646946,0.022139455212393622,0.0009361532044679789,0.7737372693958783,-0.031583896652579165,-0.456769016556804,7.995345430657459,8.132012359575498,8,46954413
0.0,0.2653324218483433,-0.09368325176872241,0.009330418397105385,-0.007503203145878879,-0.0030059045376236463,-0.02682374014571805,0.03362199217812318,-0.09616266512613653,-0.02670869514081395,0.1777052513774433,7.995345430657459,8.22744805459358,8,46947999
0.0,-0.08395097558673145,-0.10410364370547981,-0.023780529873793407,0.00602411496245941,-0.03434842609707366,-0.005950489171267002,0.006959093240994781,-0.06884891195975457,-0.042116864875605405,0.28012907011010335,7.995345430657459,7.925357867701312,8,46929792
0.0,0.31078341226379724,-0.08439413969765236,0.007087117136704952,-0.008394295331918449,0.01298583134028912,0.01368589043720618,0.012511382685104986,-0.09128086801107042,-0.042760997976866236,0.1567005135091332,7.995345430657459,8.282269277012187,8,46928503
0.0,-0.09145569603666544,-0.11839861235926342,0.008631294299690888,0.010764985386169691,-0.03406888963511803,-0.04256573293676071,0.0190734927908173,-0.06488318948915812,-0.0037595226174309327,0.2900377726793874,7.995345430657459,7.968721332739128,8,46927034
0.0,-0.1138121953672524,-0.11916810360222185,-0.023780529873793407,0.01453848535761521,-0.04308286722016627,0.0010404466344365866,0.003855948188487976,-0.13914509384544171,0.006146260271937048,0.06815958116076933,7.995345430657459,7.650097362361829,8,46916250
0.0,-0.11224227014584436,-0.09094109517843803,0.00370400712763005,-0.012446128888453478,-0.04752258380059298,-0.0012267944732315432,2.6519234954155654e-05,-0.1752149012086426,-0.002262390308090956,-0.5304231563737609,7.995345430657459,7.026796636642988,7,47528481
0.0,-0.1121388366434301,-0.09120801300954338,0.00370400712763005,-0.012446128888453478,-0.048438222303482645,0.0027039328208615814,0.005861781652658694,-0.17184885624990837,0.00021850089461141283,-0.4051474451044628,7.995345430657459,7.16660615095394,7,47521475
0.0,-0.10687987322328946,-0.09658864530643001,0.004356157987893067,0.008329273078646813,-0.059700581220610185,-0.014632099617930085,-0.003424256692402431,-0.18980871760433832,-0.0246916389327402,-0.5346896682296725,7.995345430657459,6.977615380896586,7,47520259
0.0,-0.10797667599937587,-0.09889557082831166,0.004768352423947514,-0.006428854543477489,-0.06680203648760055,-0.013299644466196896,-0.004159673528357284,-0.17770916658377378,-0.021276479642079557,-0.5093507802486935,7.995345430657459,6.99421490075354,7,47516923
0.0,-0.1040618599718925,-0.10115163937813808,-0.018546847314499303,0.0009608514539644257,-0.036309807222431253,-0.037662296561045465,-0.012377133997482874,-0.19074375478380987,-0.042436192017141494,-0.35378985582180494,7.995345430657459,7.099226895043178,7,47510409
0.0,-0.10251538817797035,-0.09345360425489839,0.00444721826475613,0.006460767827048128,-0.042870746430715236,-0.03751604422666259,-0.06827982844336922,-0.15873087827195223,-0.029348226817067318,-0.4409092203240037,7.995345430657459,7.032629479802624,7,47510368
0.0,-0.1046613706939081,-0.0919683426826537,0.00444721826475613,-0.003694938317270438,-0.054005870244943646,-0.02772928858041935,-0.11054299890669826,-0.16060809952333674,-0.03269961909246433,-0.34259471047842466,7.995345430657459,7.071287410402096,7,47504660
0.0,-0.10341624891820038,-0.09943010023220164,0.004763360930167871,0.002215531701204045,-0.06569831231470301,-0.02115688151386473,-0.010973875850870401,-0.17848403139702004,-0.02861637847664289,-0.3812434398887575,7.995345430657459,7.11330505469657,7,47503306
0.0,-0.09490478605595999,-0.09678119185020616,0.004088230639917301,-0.00291095009181284,0.08310426533497124,-0.006435160308852717,-0.01324645638351534,-0.15397425584780144,-0.03221080918482273,-0.33313739406944426,7.995345430657459,7.348936922839933,7,47502561
0.0,-0.12796101905612653,-0.10197110467011389,-0.021407989698066086,0.0017889564025286159,-0.037337108711059996,0.01206515826873328,-0.015642025351530465,-0.17692162373903184,-0.03996981738386385,-0.35871020727219044,7.995345430657459,7.129278649446738,7,47494966
0.0,0.378936853549828,-0.07875935674073999,0.006193950454995768,-0.007274593010681648,-0.0014950474981111823,0.03231575884579783,-0.04654861745194995,-0.17833347690339418,0.011671865379317584,-0.5133226771535929,7.995345430657459,7.598730090128928,7,47493777
0.0,-0.1133541335659662,-0.08692574388885205,-0.015445667197899634,-0.007976715569841173,0.2464319980921423,0.08031419209837269,-0.07342174845622502,-0.0666455335131346,0.05195080359733661,0.05599591579441005,7.995345430657459,8.066268798047801,7,47493639
0.0,-0.1121388366434301,-0.09120801300954338,0.00370400712763005,-0.012446128888453478,-0.048438222303482645,0.0027039328208615814,0.005861781652658694,-0.17184885624990837,0.00021850089461141283,-0.4051474451044628,7.995345430657459,7.16660615095394,7,47480351
0.0,-0.10916288824185379,-0.08943463685652973,0.0036422955430464865,-0.0009137774235894395,-0.06546200367952117,-0.03194931916181376,-0.11463239298727325,-0.16419554084624316,-0.0063310269702982445,-0.3768794215547675,7.995345430657459,7.040026718478615,7,47477762
0.0,-0.10347415226536166,-0.09179781653313022,0.00351970160107282,-0.0038434339069908724,-0.06730229483188191,-0.030541415781957182,-0.08619050858105705,-0.1747000951034931,-0.02893889068042364,-0.4660936846834178,7.995345430657459,6.945982839890819,7,47477166
0.0,-0.11369802577441748,-0.08797083043399209,0.007846657501206403,-0.0006266517638528302,0.22945787984392627,0.08804405754394672,0.01646111108717765,-0.05911468103748307,0.057447710367230974,0.0706118876293519,7.995345430657459,8.203804545620553,7,47470174
0.0,-0.09769811173986563,-0.0980759297146934,0.004763360930167871,-0.0034380530510512044,-0.05104958905378748,0.015485136292440346,0.11509861237838022,-0.16303829075687512,-0.01706427874439056,-0.3867680641207061,7.995345430657459,7.3135602230770775,7,47460615
0.0,-0.10596987345827953,-0.09344600452474738,-0.020704866569714764,-0.0003241162041872081,-0.06328884879721655,-0.002815651152193497,0.002331337237612435,-0.15670128695284688,0.0009193007449078114,-0.4018546600373325,7.995345430657459,7.153490760943461,7,47438116
0.0,-0.11178660799962155,-0.09111290283239763,0.004117196174724321,0.0003173797162492522,-0.03946687599636323,0.005175597042830032,-0.024976230347062034,-0.13782156711881677,0.004043792019026533,-0.3512742363588114,7.995345430657459,7.252560974957216,7,47427724
0.0,-0.10424192749280697,-0.09343847986389847,0.004636243766578736,0.007701439860836653,-0.041481602815470864,0.015697802333977315,0.051188835886970804,-0.1760339918648144,-0.009876775295317735,-0.5024819766327271,7.995345430657459,7.147014998540787,7,47424515
0.0,-0.10797667599937587,-0.09624656293389634,0.00504593229164199,-0.0030892632071369296,-0.06455739257695892,-0.015828389672916957,0.013745657071631098,-0.17650780911104896,-0.019135965413973416,-0.5180594311108231,7.995345430657459,7.012735529994601,7,47419858
0.0,-0.09902059135595656,-0.10269888175609662,-0.02079604798391741,0.0036647824049097517,-0.057902869008267466,-0.033207136084317496,-0.017182951669540463,-0.18637593313367176,-0.02960361946388836,-0.35427458166627296,7.995345430657459,7.09794760094044,7,47419324
0.0,-0.10863446966732697,-0.08961981088822908,0.0028675507408098024,0.0005552115836327087,-0.07450979658465925,-0.03912704956637319,-0.11838885080524789,-0.164081486048951,-0.013406808661161332,-0.36466107507010864,7.995345430657459,7.026338845689844,7,47409565
0.0,-0.10863446966732697,-0.08961981088822908,0.0028675507408098024,-0.003181805416418745,-0.07410396005506541,-0.038714580571037875,-0.11859338289739382,-0.16236478838951066,-0.013235357196428396,-0.36411100796888235,7.995345430657459,7.025653818347975,7,47407927
0.0,-0.1011888912157417,-0.09938636351014245,0.005800335541621028,-0.00857857802800396,-0.03554527361001682,-0.01228873166093972,-0.012506677097783832,-0.1727447331347054,-0.025904315431662182,-0.36432665161707345,7.995345430657459,7.168675550893011,7,47402883
0.0,-0.10231732911516485,-0.1002349805574671,0.005759231904306849,-0.004064090251021357,-0.05078476377179079,-0.010543305918719034,0.06787443544914096,-0.19834668166242356,-0.03235652933209579,-0.3611741929061579,7.995345430657459,7.209157224496066,7,47395398
0.0,0.3826664558078384,-0.08288787721534586,0.00586082793799364,-0.003793728449453442,-0.011743316197454641,0.02823365476477479,-0.08840743300936961,-0.135127510762218,-0.023641104753563836,-0.3311419811230025,7.995345430657459,7.735363417657658,7,47388958
0.0,0.44893651619822234,-0.0839835008844555,-0.026000396142047424,0.001551039205465622,-0.012367278501142259,0.05834966666338781,0.007158418965313598,-0.08102187174303786,0.02751684905061164,0.0918398788908421,7.995345430657459,8.427324752360619,7,47388281
0.0,-0.10612922700163131,-0.1002119834825471,0.003583919096647576,-0.004376765563025338,-0.05394323019852576,-0.025510560830630986,-0.026678323612280293,-0.17488345833797686,-0.022910780488732074,-0.3667177435430274,7.995345430657459,7.11756727669573,7,47385812
0.0,-0.10612922700163131,-0.09767801188206841,0.003861498964342052,-0.0032610774330972827,-0.050952884058749176,-0.016957854223192907,-0.00023158343261274212,-0.1701545696268424,-0.017508466186018694,-0.37844400423964597,7.995345430657459,7.157889251537942,7,47382366
0.0,-0.11131704035846884,-0.10806424862978459,-0.03224106333980653,-0.0049133277179063805,-0.03015209049772686,0.04260984146874315,0.13947396525208464,-0.07937181242868244,-0.0028613848309755937,0.08961790151337903,7.995345430657459,7.898126171088315,7,47375094
0.0,-0.10979535004856064,-0.08993921574653478,-0.011351507115838651,-0.0030663364065081087,-0.03918811927702606,-0.010672811099825801,-0.10736385254921058,-0.14983814446948732,-0.002625695106078059,-0.3351700278008004,7.995345430657459,7.136334371037589,7,47374884
0.0,-0.10027969889622712,-0.08883958664715895,0.0037050017386698747,-0.00244322263181234,-0.05010959613786733,0.0307920976948639,0.08291032203540369,-0.1418397057243245,-0.0009795721602748608,-0.39799682174998835,7.995345430657459,7.330264648178743,7,47362817
0.0,-0.11310958179069043,-0.10270624816780656,0.00504593229164199,-0.0030115431552742693,-0.04379528747145041,-0.018867923224843625,0.015027156320833412,-0.19515295557762344,-0.037065268209345824,-0.4849906286764248,7.995345430657459,7.016719082996476,7,47360162
0.0,-0.09518332647436169,-0.09077705684550336,0.00452743130348093,0.004515934219145463,-0.019888479032914727,0.04583702469446705,0.01993219114401022,-0.154852200044533,-0.01118357857327948,-0.49724371268491874,7.995345430657459,7.201029658363051,7,47354867
0.0,-0.09900181676999538,-0.0908924562825262,-0.020704866569714764,-0.0037509971583212206,-0.05253709988379801,0.039821373426881856,0.08047384260541153,-0.15660809556633815,0.0023303490430187754,-0.544655325956683,7.995345430657459,7.149820337545394,7,47337562
0.0,0.4071543437432692,-0.07046287311957988,0.006610595171543921,-0.0037509971583212206,0.01822489754168362,0.1094800827657,0.07763120882536079,-0.12655241756067995,0.05390321132927206,-0.4617249649459126,7.995345430657459,8.005858517249795,7,47331996
0.0,-0.11596851442316897,-0.08644578896147934,0.0030307475487140927,-0.00800963082664578,-0.03287414071176557,0.005837544928859844,-0.08232997874778064,-0.15855854158203792,-0.00556882934369119,-0.3537082710580434,7.995345430657459,7.16075002748042,7,47331218
0.0,-0.10167742238673903,-0.09830215879760189,-0.01891008911504472,-0.005044129102534618,-0.037430295550998215,0.0033533957316784434,0.0014645982467773337,-0.16941169734554976,-0.01753911121622113,-0.3753685701343253,7.995345430657459,7.1764799509869,7,47324012
0.0,-0.09919579419999583,-0.09952624383709227,0.005423111512382771,-0.00857857802800396,-0.0370091466809539,-0.018451934770169227,-0.01030694981496028,-0.18749710198505792,-0.03602631548609683,-0.4732948719972009,7.995345430657459,7.030881605370311,7,47320790
0.0,-0.1284494944253712,-0.10250257164618051,0.006984267076328715,-0.004601457921556317,-0.06612721424645554,-0.0010967880040069356,-0.001247383102216051,-0.10804065924185921,-0.0016825849565213552,0.06542180330837223,7.995345430657459,7.6540033474979925,7,47315036
0.0,-0.10462962912625556,-0.08969185028592956,-0.01578173983892096,0.0005552115836327087,-0.0727724284636411,-0.03954806939888755,-0.11269355926433812,-0.16324805406756848,-0.014625280780606643,-0.3580240990014703,7.995345430657459,7.024885932013473,7,47311586
0.0,-0.11202898644852655,-0.08763986059719904,0.0030416587655538985,0.002907714956084414,-0.03726956519999943,-0.006155042326141616,-0.06651110005150916,-0.1436859287873495,-0.013984845629923465,-0.4593941452502423,7.995345430657459,7.074625330088207,7,47306943
0.0,-0.1180380402305348,-0.11305513523878541,0.0049854860441016806,-0.008394295331918449,-0.04088988478247957,-0.025442965679036682,-0.007970471762171732,-0.18857572205043505,-0.05068302444502121,0.06650747973878066,7.995345430657459,7.513788856919959,7,47304134
0.0,-0.10264169967578725,-0.10652263233723688,0.004293026933961649,-0.006309505062740466,-0.06474802787853676,-0.028208744943713403,-0.049158114055462235,-0.1661278831557062,-0.028692420638197862,-0.43201417249125745,7.995345430657459,7.015215257352783,7,47301105
0.0,-0.10335063954038805,-0.08985616157742321,0.004393781431378972,-0.00011048602943271023,-0.0340641119657054,0.04993078417221744,0.12898374260032786,-0.13959700106285441,0.01357904868389344,-0.43388416445416605,7.995345430657459,7.391370222915307,7,47300375
0.0,-0.09900181676999538,-0.0908924562825262,-0.020704866569714764,-0.0037509971583212206,-0.05253709988379801,0.039821373426881856,0.08047384260541153,-0.15660809556633815,0.0023303490430187754,-0.544655325956683,7.995345430657459,7.149820337545394,7,47299272
0.0,-0.10886513917100137,-0.10816087053329777,-0.023780529873793407,0.0018861617153949966,-0.05291351708347968,0.04000059552410178,0.10650796886396227,-0.12227013076957055,-0.03328477841619067,0.07287079067241681,7.995345430657459,7.767335981586002,7,47299225
0.0,-0.12892012503990094,-0.10119014185932862,0.004739971204888458,-0.015747426738316347,-0.022441851449515864,0.004849403146434614,0.020394819963860826,-0.11361043064488743,0.015118747902369556,0.08203322733416282,7.995345430657459,7.7405716244772265,7,47295454
0.0,-0.11015584264773648,-0.09022984480688719,0.0030416587655538985,-0.003694938317270438,-0.03468354605369932,0.02028141740659532,-0.05712932002647369,-0.15706214455865994,-0.016441033830452638,-0.3300698844510255,7.995345430657459,7.219201952137404,7,47294488
0.0,-0.09838122991970863,-0.09535940191659317,0.00504593229164199,-0.0054471002858074765,-0.052631703033157395,0.03056575710811189,0.10954329480070005,-0.15801899977537398,-0.015660437371821705,-0.5418145798313815,7.995345430657459,7.173186962724069,7,47289621
0.0,-0.09994398183497745,-0.09769942222674914,-0.01979986225788483,-0.0077401987259036135,-0.04549874672842513,-0.0073963496889866975,-0.049597159745952094,-0.16336279537130424,-0.02627612018184962,-0.35696215825016403,7.995345430657459,7.121068635645262,7,47282771
0.0,-0.10039571705727021,-0.0984316972820486,-0.021661886619238905,-0.008069417152462857,-0.03809501976310111,-0.004546765146877276,-0.007256257470364428,-0.16151641538505612,-0.016790967897830772,-0.36233317890432554,7.995345430657459,7.176248107978883,7,47277671
0.0,-0.1216719365326073,-0.11196569800946231,0.004243007688769032,-0.0076780634128882095,-0.06189135326571728,-0.020863166767588266,-0.032963729965446914,-0.1583948997112748,-0.021472505578234963,0.0636523572522432,7.995345430657459,7.526339442355251,7,47256886
0.0,-0.10984577168867814,-0.09081979553488365,0.004393781431378972,-0.0003241162041872081,-0.057484380548419436,-0.007280940300866127,0.0034101980905081,-0.16338946040763774,-9.835052321004685e-05,-0.5287509879142009,7.995345430657459,7.045155607057263,7,47256361
0.0,-0.10353991521609233,-0.09452147884568825,0.005110561237872106,0.0009608514539644257,-0.041557337739913124,-0.002632092372873367,-0.004079272940543404,-0.1723393209085767,-0.02304657191142869,-0.37907473958270665,7.995345430657459,7.180626113831473,7,47255186
0.0,-0.0916496292579693,-0.09493505146568908,-0.018546847314499303,-0.00448619614465166,-0.03696376651234953,0.03953263862562254,0.09799836250496108,-0.14611679419730955,-0.01581941872955004,-0.38784813051572414,7.995345430657459,7.3365105976503,7,47251437
0.0,-0.0924999814695003,-0.09547750692121008,0.004088230639917301,0.0011240394478462725,0.07581423251074002,0.011978756047522177,-0.01523996010401635,-0.14238586635651299,-0.02058010096602035,-0.4500335166214658,7.995345430657459,7.272133756864759,7,47242764
0.0,-0.12243588175145642,-0.1182255465331543,-0.03224106333980653,0.00788716867202825,-0.025871538213338728,-0.05783471530703243,0.030429999505226818,-0.13343455730083403,-0.03739434968311131,0.08089001060772454,7.995345430657459,7.587114957313705,7,47241596
0.0,0.44553057612749614,-0.07474923758666886,0.006333015303849446,-0.005558342524492835,0.005235686408490021,0.05214028782683039,-0.005611690900148793,-0.13042990342043803,0.04246602908305431,-0.43035988736572883,7.995345430657459,7.900341963609702,7,47241044
0.0,-0.1103106354951087,-0.10488531607371682,0.00504593229164199,-0.005231952726781634,-0.04643170487951645,-0.042712979991203985,0.031319056581479356,-0.1866780292314816,-0.03878627726232349,-0.5016182102975236,7.995345430657459,6.995055313572924,7,47238438
0.0,-0.11576929663127576,-0.10576352764624675,0.007635423325551908,-0.0049133277179063805,-0.027129094894787577,0.04292203435641963,0.14801641388596948,-0.08011594945377645,-0.0004944909544091522,0.09301929850959499,7.995345430657459,7.952752913436593,7,47236445
0.0,-0.10797667599937587,-0.09624656293389634,0.00504593229164199,-0.0030892632071369296,-0.06455739257695892,-0.015828389672916957,0.013745657071631098,-0.17650780911104896,-0.019135965413973416,-0.5180594311108231,7.995345430657459,7.012735529994601,7,47228510
0.0,-0.10332108120306424,-0.10635357364674623,0.005763944724384795,0.0053909745173194405,0.09545985070496998,-0.079212772977927,-0.002796701995137045,-0.15844836866742737,-0.015336927642624006,0.07636303683501358,7.995345430657459,7.712853811306221,7,47226764
0.0,-0.10223477259266286,-0.09954988159574457,-0.018546847314499303,0.0012959739638938002,-0.021133428366647028,-0.008652586190311812,0.010379258913843161,-0.17931507921585793,-0.023501833485864924,-0.4645023937814492,7.995345430657459,7.089583840992159,7,47217579
0.0,0.39620646527519526,-0.08329276856403497,0.00646334749550099,-0.004064090251021357,-0.00168141689632397,0.052914682185502236,0.009602777527142722,-0.15265474621455502,-0.013315968275549936,-0.382162395301298,7.995345430657459,7.823361317638017,7,47212788
0.0,-0.1034540730428023,-0.08958924374631785,0.004393781431378972,-0.00011048602943271023,-0.040284203838706005,0.04290981376029499,0.11412008048517155,-0.14948173027096495,0.008766777684533558,-0.5636740755721898,7.995345430657459,7.218942071518424,7,47201142
0.0,-0.10556883870662509,-0.10675650997064123,-0.021407989698066086,-0.005231952726781634,-0.04656266204047536,-0.04298987283835214,0.03191037132702012,-0.1866925472316091,-0.039637559722104435,-0.43790306910163856,7.995345430657459,7.034504799948186,7,47197935
0.0,-0.11224227014584436,-0.09094109517843803,0.00370400712763005,-0.012446128888453478,-0.04752258380059298,-0.0012267944732315432,2.6519234954155654e-05,-0.1752149012086426,-0.002262390308090956,-0.5304231563737609,7.995345430657459,7.026796636642988,7,47197444
0.0,-0.08910057131134191,-0.09112019914726605,0.00478425671854435,-0.007363734777239763,-0.04257953569751378,0.007463779682640062,0.08980240086791513,-0.17882402041028186,0.09115179445336229,-0.48609558915510326,7.995345430657459,7.293464011881174,7,47191743
0.0,-0.10225820988662351,-0.09734151485644804,0.005800335541621028,-0.008069417152462857,-0.036879755572715035,-0.004175489402454213,-0.004953681137170507,-0.1601035837676108,-0.01607178048053692,-0.37235434658375993,7.995345430657459,7.198937987359298,7,47162750
0.0,-0.10592435280124579,-0.10006145695253751,0.005110561237872106,-0.002171137309732958,-0.038253950928662794,-0.03666495885538527,-0.0026342375882173704,-0.18486273062381112,-0.03896587817382142,-0.358221442017292,7.995345430657459,7.1326958466446255,7,47158243
0.0,-0.11137521361851435,-0.11543115910477991,0.004996624399575097,-0.007945096580255192,-0.06153256447718115,-0.035502519653916285,-0.08108594752567404,-0.1288868135224191,-0.0345801865575254,0.06446268287466637,7.995345430657459,7.488465236891435,7,47152495
0.0,-0.11024266916522443,-0.09781141214293544,0.004393781431378972,-0.0033696812029131774,-0.040134213838718985,-0.03589658049458603,0.035844364625735196,-0.17956767843697738,-0.015288934363529,-0.5101560706545344,7.995345430657459,7.043116336415155,7,47145608
0.0,-0.0983404771282081,-0.10053927270169889,-0.02079604798391741,0.004574477007654303,-0.05374741188802589,-0.00738919919271958,0.0415662099837398,-0.19323554428321174,-0.03128650209272051,-0.4635801697623196,7.995345430657459,7.0725714926160315,7,47140988
0.0,-0.10592435280124579,-0.10006145695253751,0.005110561237872106,-0.002171137309732958,-0.038253950928662794,-0.03666495885538527,-0.0026342375882173704,-0.18486273062381112,-0.03896587817382142,-0.358221442017292,7.995345430657459,7.1326958466446255,7,47139518
0.0,-0.11310958179069043,-0.10270624816780656,0.00504593229164199,-0.0030115431552742693,-0.04379528747145041,-0.018867923224843625,0.015027156320833412,-0.19515295557762344,-0.037065268209345824,-0.4849906286764248,7.995345430657459,7.016719082996476,7,47138220
0.0,-0.10156951252393526,-0.09944909027609833,0.005759231904306849,-0.004064090251021357,-0.05174868077794133,-0.008162836810886805,0.06488228382275474,-0.19080204462722938,-0.03185881750810631,-0.4726350295288521,7.995345430657459,7.10569684408045,7,47133725
0.0,-0.10224962675168371,-0.10160869933049607,0.005759231904306849,-0.0032443985553696503,-0.054866975199289576,-0.033831156113155285,0.00731305172680906,-0.18346481335398643,-0.030199373912788284,-0.36389746821138924,7.995345430657459,7.135055202860417,7,47128589
0.0,-0.11944792548340628,-0.11418839717988173,-0.023780529873793407,0.007394131495669365,-0.05293274375057105,-0.05675458194624792,0.03210665699481501,-0.13733310884718095,-0.036626934065554916,0.06740533782183111,7.995345430657459,7.5611873358231385,7,47125630
0.0,-0.11473598097820074,-0.09270370670238577,0.0038239338639888183,0.008214840172571203,-0.0440607378348428,-0.0015997871373098485,0.01352264009585483,-0.1613294620466019,0.005997083865660619,-0.41255209487099176,7.995345430657459,7.199922159085202,7,47121074
0.0,-0.10027969889622712,-0.08883958664715895,0.0037050017386698747,-0.00244322263181234,-0.05010959613786733,0.0307920976948639,0.08291032203540369,-0.1418397057243245,-0.0009795721602748608,-0.39799682174998835,7.995345430657459,7.330264648178743,7,47119602
0.0,-0.10687987322328946,-0.09658864530643001,0.004356157987893067,-0.007274593010681648,-0.060123418531502326,-0.014977004224028395,-0.00541170252127761,-0.18913265964853446,-0.024634278709699624,-0.5337233603167706,7.995345430657459,6.960956053153139,7,47107670
0.0,0.49518478600817,-0.07797565430813731,0.005755584884522368,0.015368770138935771,-0.01563648825338896,0.04902668202432467,-0.12292903656407726,-0.05758334572177617,0.07460914752264072,0.07867148005982744,7.995345430657459,8.4398373564485,7,47073756
0.0,-0.11459189125324083,-0.09728927794192015,0.0035359278975664386,-0.005306884609727436,-0.03349050430779064,-0.009295908481462504,0.0027288894104380325,-0.1791128835352196,-0.013567180507691876,-0.4890440434470076,7.995345430657459,7.059911673881403,7,47068889
0.0,-0.10588003187800314,-0.09070758447364867,0.003824928475028643,-0.0009143910084182626,-0.039115476768993705,-0.007420457187700361,-0.022558495218647227,-0.16604339663633738,-0.0120663757000598,-0.4967632237058834,7.995345430657459,7.057700926554796,7,47058953
0.0,-0.10916288824185379,-0.08943463685652973,0.0036422955430464865,-0.005558342524492835,-0.06512687856635674,-0.03621570499727285,-0.10132813732107562,-0.16832350735661014,-0.01239918636690201,-0.3829965347319969,7.995345430657459,7.028441909237415,7,47049084
0.0,-0.09443523322510947,-0.09844749695574284,0.004253897002114158,0.0013858315405610644,-0.04268616613829622,-0.015590957493839198,-0.0667256940510541,-0.1358414643774929,0.09463910909634558,-0.32713868161627263,7.995345430657459,7.314758574438673,7,47047560
0.0,-0.10410077776897726,-0.09987028037108955,-0.021407989698066086,-0.0030892632071369296,-0.06578250155144734,-0.017044694813311174,0.01367408041740558,-0.16718421644111506,-0.0197045066072573,-0.3934837555674187,7.995345430657459,7.117351525049045,7,47036094
0.0,0.37148116044844165,-0.07984064390269313,-0.017372413630895638,0.005750681466967722,0.0072195664672494815,-0.006894189127980598,-0.010393715089257204,-0.14402189849552344,0.014107777492288316,-0.3543082976715246,7.995345430657459,7.781073458614531,7,47029163
0.0,-0.10784127428133744,-0.10061013390267744,0.005110561237872106,0.008938009929086645,-0.028811127236737746,-0.015615196049960438,0.005724860109487098,-0.18433249762205217,-0.011848566126456626,-0.4700759919629384,7.995345430657459,7.095984074751745,7,47026622
0.0,-0.09936654268764115,-0.10404892267965757,-0.019252882153678975,-0.01006698210666384,0.1491187417020942,0.025579640907290667,0.0030803130546885214,-0.14777201591452346,-0.04127427038274405,0.07216377868060402,7.995345430657459,7.823506289077227,7,47026596
0.0,-0.1000144154029761,-0.10760027116147394,0.004557076661590289,-0.002818774012659321,0.1116325011638754,-0.046273830340107,-0.020545958228044118,-0.18437590234264725,-0.03234131026430619,-0.47401808627915276,7.995345430657459,7.143546460451558,7,47024555
0.0,-0.13233326364200712,-0.09606245739908076,0.00351970160107282,-0.003694938317270438,-0.036690087195220045,0.04658519399269991,-0.0556255454918718,-0.17238708872199093,-0.03145468168532526,-0.3334073848047005,7.995345430657459,7.183794878993766,7,47024235
0.0,-0.09370344409738773,-0.09357795120898314,0.005110561237872106,0.006803943744168169,-0.03448241871754764,0.038766413706534594,0.08310857477455626,-0.15090595400425139,-0.01777116780906182,-0.5138367902259037,7.995345430657459,7.224857198057455,7,47023947
0.0,-0.09927351137367235,-0.10471897729135594,0.005110561237872106,-0.007267686640563124,-0.04385490161712137,-0.0023882129094383695,-0.006890914288465255,-0.16580606422172975,0.002261301856598157,-0.473317327797477,7.995345430657459,7.099199697612106,7,47022931
0.0,-0.11376025621925603,-0.10733773561801567,0.0044431398232932795,-0.0064618478297535035,0.18655201417059575,0.02864843555344889,-0.09657536668984393,-0.08878970803793951,-0.007108733349252081,0.05123589885346885,7.995345430657459,7.846191271314205,7,47012156
0.0,-0.1028398908757921,-0.1008097875052691,0.004485781062473396,-0.004064090251021357,-0.06491060986039118,-0.01837522190207173,-0.007527651077878042,-0.18251154377794884,-0.023368405141527597,-0.4874797652842232,7.995345430657459,7.0079442460438095,7,47006884
0.0,-0.10984577168867814,-0.09331672464004842,0.0041162015636844965,-0.002018574863412401,-0.05611947289291789,-0.00914813712016503,-0.0070460679881699,-0.16547108399339336,-0.002739466236903242,-0.5066226692331911,7.995345430657459,7.0471336635642645,7,46987638
0.0,-0.0993263983863884,-0.10047654593574301,-0.021661886619238905,0.007747005191084025,-0.03647545442996722,-0.012757339545913233,-0.01192768165435008,-0.17273909333004836,-0.02567024662485145,-0.3578165213472991,7.995345430657459,7.164241267974743,7,46981231
0.0,-0.11149605701688545,-0.12108765753727382,0.004731072605789828,-0.006920046508436164,-0.07859403590739557,-0.022183881174434112,-0.06914155834470129,-0.14875035156606348,-0.02600217409221238,0.06034137370841954,7.995345430657459,7.476242114824266,7,46968241
0.0,-0.09777375291247434,-0.10450446272478756,0.004557076661590289,0.010000861556414909,0.0969810899869088,-0.02891613680571056,-0.014568783167732264,-0.1861096267188573,-0.01720836090291349,-0.4719549674580303,7.995345430657459,7.185848368171868,7,46963472
0.0,-0.09827779641729435,-0.09562631974769854,0.00504593229164199,-0.0054471002858074765,-0.05077128880251478,0.026973487060020025,0.11648902529394621,-0.15222671356101644,-0.015541692755539363,-0.4188079289571115,7.995345430657459,7.307155034776084,7,46958594
0.0,-0.09907999670264743,-0.1070534032977587,0.006041803265780968,-0.0040706638438645516,-0.04642738472464253,0.01000123656781958,0.06693247377226834,-0.17407081333623287,0.011194274156358331,-0.36660352737164126,7.995345430657459,7.2922094291429,7,46956404
0.0,-0.09919579419999583,-0.09952624383709227,0.005423111512382771,0.007747005191084025,-0.03672406331051823,-0.01854926691071968,-0.00742537803833261,-0.18607863056295554,-0.03507305926199225,-0.4768059094068609,7.995345430657459,7.049137201832459,7,46949252
0.0,-0.12426793993485659,-0.10699277103608357,0.005392122065151475,-0.007885134456377346,-0.028854663431478564,-0.004365931053449226,0.01648005854631961,-0.1261007618220746,-0.005588682166890635,0.08184259974883233,7.995345430657459,7.695004327116552,7,46940923
0.0,-0.10805811162491866,-0.08832187753754316,0.0028675507408098024,-0.003181805416418745,-0.0708834511866898,-0.03426883550099905,-0.11062166400977515,-0.16641718572558928,-0.013104472784991881,-0.46724101422424635,7.995345430657459,6.936114563387097,7,46937150
0.0,-0.10021820798378377,-0.09165871211162951,0.00444721826475613,0.0035758805782697585,-0.046013068146874,-0.03052116951591987,-0.09980236462130691,-0.16840809139422333,-0.022036534976197168,-0.4369537405757026,7.995345430657459,7.007756640174848,7,46934271
0.0,-0.09803632590448715,-0.09494320634859552,0.0032371302395987015,0.00371752701777051,-0.06834164459032165,-0.0332232923544246,-0.09069272833253159,-0.17859140729924522,-0.02224340050594243,-0.4493190918449031,7.995345430657459,6.966908990734377,7,46930934
0.0,-0.09908829371943767,-0.10132516298306767,-0.02079604798391741,0.004574477007654303,-0.05278349488187535,-0.009769668300551806,0.04455836161012603,-0.2007801813184058,-0.03178421391671,-0.35211933313962535,7.995345430657459,7.176031873031649,7,46928366
0.0,-0.09946931172429029,-0.09532971065517591,-0.016484862967272283,0.0021222679749181616,-0.07036844303131025,-0.03141489922683607,-0.09810370943854835,-0.17720035869889383,-0.031386153840610546,-0.4683130412633523,7.995345430657459,6.909397207786087,7,46927298
0.0,-0.09827779641729435,-0.09562631974769854,0.00504593229164199,0.0076074900755116045,-0.052476049230789204,0.02723783322025695,0.09554246905857257,-0.1530483526893418,-0.014249968588563821,-0.4176686117557769,7.995345430657459,7.299432056873977,7,46925743
0.0,-0.11420360780759568,-0.09490377760958481,0.0031297450432806267,-0.006707113202822637,-0.058827245269875615,-0.017857170691797743,-0.04209463057908986,-0.18618224696201421,-0.01223591612398876,-0.49472247381693235,7.995345430657459,6.970740993637039,7,46924919
0.0,-0.10011931988914262,-0.09392571845654075,0.005219599941465094,-0.007720549750430792,-0.03333157306506621,-0.0027460891345672343,-0.011570182416946571,-0.16592616414161043,0.08062159843091271,-0.35111525912257585,7.995345430657459,7.314731773052956,7,46924433
0.0,-0.11679600956670359,-0.11173194930101006,0.004864797786195541,-0.008394295331918449,-0.029192371138449393,-0.012271880967579286,0.00012631128222856045,-0.14574986733300824,-0.038848040213235284,0.0736407239691394,7.995345430657459,7.610992849843118,7,46920793
0.0,0.37990821586895174,-0.08481503963179693,0.005735348632890108,0.0033799764660358525,-0.0067776143910423265,0.04944022673423679,0.05959853945137955,-0.17135010738227469,-0.0131334851609777,-0.38762613290366005,7.995345430657459,7.829705358341202,7,46920672
0.0,-0.11042212973108645,-0.09463972109370382,0.0041162015636844965,-0.005558342524492835,-0.061975658318194814,-0.01758813295045441,-0.016304373613621068,-0.16256487567992706,-0.008618924522972759,-0.40261430910718987,7.995345430657459,7.1191751646795005,7,46918511
